# workstation war game answer sheet — 0624_axis dataset.zarr episode 0 (n=1135 steps, 59.94 fps)
# generated 2026-07-06 on oem@147.47.191.80, source: data/robot0_eef_rot_axis_angle[:1135]
#
# ==== 계산식 (이 정의와 다르면 곡선이 어긋나는 게 정상이니 반드시 맞출 것) ====
# R_cmd  = Rotation.from_rotvec(zarr rotvec)                     # zarr 정답 자세
# uvw    = R_cmd.as_euler('zxz', degrees=True)                   # 현재 배포코드가 로봇에 쓰는 UVW
# R_raw  = Rotation.from_euler('xyz', uvw, degrees=True)         # 로봇의 물리 해석 (SDK: extrinsic RPY)
# O      = R_cmd[0] * R_raw[0].inv()                             # step0에서 오차 0이 되는 상수 offset (WORLD측 좌곱)
# R_old  = O * R_raw                                             # [수정 전] 로봇이 취하게 될 물리 자세
# [수정 후] = R_cmd 그대로 (xyz 통역은 항등이므로 별도 컬럼 없음 — zarr_* 컬럼이 곧 수정 후)
# err_old_deg = angle(R_cmd^-1 * R_old)                          # 통역 오류가 만든 자세 오차
# rel_* = (R[0].inv() * R[k]).as_rotvec()                        # 에피소드 시작 기준 상대회전 (body쪽 아님, 이 식 그대로)
# tool offset은 O(step0 보정) 외에 일절 미적용 — [B] 비교 시 offset [0,0,0] 상태와 대조할 것
# 단위: rotvec=rad, rpy/uvw/err=deg. rpy는 extrinsic 'xyz' 분해.
step,t_sec,zarr_rotvec_x,zarr_rotvec_y,zarr_rotvec_z,zarr_rpy_roll,zarr_rpy_pitch,zarr_rpy_yaw,uvw_zxz_u,uvw_zxz_v,uvw_zxz_w,old_rotvec_x,old_rotvec_y,old_rotvec_z,old_rpy_roll,old_rpy_pitch,old_rpy_yaw,rel_zarr_rotvec_x,rel_zarr_rotvec_y,rel_zarr_rotvec_z,rel_old_rotvec_x,rel_old_rotvec_y,rel_old_rotvec_z,err_old_deg
0,0.000000000,-2.641662598,0.035778843,-0.008470655,-151.368480996,0.026868753,-1.545083695,-179.943927042,151.368469456,178.504132632,-2.641662598,0.035778843,-0.008470655,-151.368480996,0.026868753,-1.545083695,0.000000000,-0.000000000,0.000000000,0.000000000,0.000000000,0.000000000,0.000000000
1,0.016683350,-2.642844439,0.035937071,-0.007826908,-151.436567454,0.053796761,-1.544411435,-179.887485519,151.436521062,178.554408704,-2.641075938,0.036391071,-0.006652227,-151.336111623,0.107743633,-1.551316039,-0.001188341,-0.000418263,0.000214657,0.000565080,-0.001186590,0.000772180,0.114242144
2,0.033366700,-2.643156528,0.035751883,-0.006927829,-151.454664807,0.088239841,-1.527447423,-179.815341904,151.454539899,178.634763440,-2.640460485,0.037906201,-0.005835084,-151.302500606,0.157286996,-1.604718049,-0.001504500,-0.001087827,0.000242268,0.001153247,-0.001498003,0.002005117,0.184235127
3,0.050050050,-2.643710852,0.034498900,-0.006142691,-151.485745506,0.106817498,-1.468126470,-179.776241854,151.485562228,178.728489335,-2.640525752,0.039626164,-0.004639199,-151.308357232,0.223831681,-1.662292769,-0.002048218,-0.001867826,-0.000512201,0.001053832,-0.002035248,0.003443837,0.288198166
4,0.066733400,-2.644277811,0.033728901,-0.005706666,-151.517801673,0.116186921,-1.432096864,-179.756364299,151.517584544,178.782050321,-2.640603044,0.040527349,-0.003625659,-151.314149081,0.274413303,-1.688419791,-0.002608598,-0.002311918,-0.000986885,0.000954846,-0.002591392,0.004267261,0.364097703
5,0.083416750,-2.643722057,0.035207253,-0.005716577,-151.487125121,0.131477422,-1.492553785,-179.724573322,151.486847437,178.749466143,-2.639791909,0.040034926,-0.004516344,-151.266764666,0.233746202,-1.677884757,-0.002071997,-0.002041899,0.000068037,0.001780554,-0.002055195,0.003766366,0.305982784
6,0.100100100,-2.643668652,0.035503887,-0.005779951,-151.484279415,0.132005107,-1.505302523,-179.723493188,151.483999531,178.737659971,-2.639678912,0.039810718,-0.004644309,-151.260017308,0.226298683,-1.670121602,-0.002022026,-0.001943563,0.000267899,0.001897867,-0.002005980,0.003585232,0.294246829
7,0.116783450,-2.643574238,0.035345167,-0.005728736,-151.478763455,0.132523437,-1.498340148,-179.722456649,151.478481433,178.745520379,-2.639724519,0.040002564,-0.004730695,-151.262767943,0.224739010,-1.678823302,-0.001925926,-0.002009619,0.000165607,0.001850163,-0.001909289,0.003705353,0.296605738
8,0.133466800,-2.643378973,0.034417458,-0.005520513,-151.466921493,0.131557945,-1.458474661,-179.724583391,151.466643702,178.783490045,-2.640067253,0.040845003,-0.004803903,-151.283167065,0.230223511,-1.713793886,-0.001720200,-0.002327681,-0.000453237,0.001495613,-0.001701068,0.004286441,0.330128234
9,0.150150150,-2.643415213,0.032865606,-0.005082013,-151.467973262,0.133331311,-1.390743005,-179.720861470,151.467687920,178.854494001,-2.640570159,0.042284717,-0.004408655,-151.313594023,0.260834625,-1.768157265,-0.001740232,-0.002920406,-0.001476529,0.000967731,-0.001715968,0.005374795,0.427705794
10,0.166833500,-2.643347025,0.032073133,-0.005028215,-151.463495757,0.127372449,-1.357940301,-179.733374949,151.463235398,178.876293061,-2.640963439,0.042757483,-0.004392606,-151.336607852,0.266027372,-1.787121259,-0.001662715,-0.003103056,-0.002028910,0.000567087,-0.001637903,0.005708366,0.468930447
11,0.183516850,-2.643081903,0.031864300,-0.005235168,-151.448075789,0.116973094,-1.351654959,-179.755264517,151.447856349,178.863316705,-2.641243964,0.042587036,-0.004807882,-151.352284646,0.247077562,-1.784408692,-0.001393427,-0.002996458,-0.002211675,0.000292665,-0.001371103,0.005508071,0.462214425
12,0.200200200,-2.642610312,0.031764746,-0.005348616,-151.420944086,0.111654719,-1.348910206,-179.766594820,151.420744372,178.856056266,-2.641387494,0.042598761,-0.005467651,-151.360172973,0.220196272,-1.791696885,-0.000919792,-0.002938424,-0.002297465,0.000154282,-0.000898741,0.005394779,0.460098048
13,0.216883550,-2.642014265,0.030650338,-0.005079123,-151.386101335,0.111482448,-1.300900455,-179.767214757,151.385902525,178.903453859,-2.641782386,0.043766439,-0.006022568,-151.383678670,0.209336417,-1.844875032,-0.000312678,-0.003337883,-0.003033539,-0.000254463,-0.000288841,0.006118492,0.552717754
14,0.233566900,-2.641827106,0.030288635,-0.004828711,-151.375216825,0.118051114,-1.283620386,-179.753584731,151.374993997,178.932676829,-2.641779808,0.044421665,-0.006125813,-151.384148231,0.211930304,-1.872629826,-0.000123333,-0.003583301,-0.003243016,-0.000261531,-0.000096544,0.006565387,0.596485387
15,0.250250250,-2.641755104,0.029665962,-0.004735453,-151.370696136,0.115431046,-1.257313548,-179.759088533,151.370483130,178.954143466,-2.642048133,0.044886561,-0.006115267,-151.400006973,0.216912573,-1.891353282,-0.000044898,-0.003763292,-0.003667787,-0.000537373,-0.000017278,0.006893888,0.642694404
16,0.266933600,-2.641788721,0.029433800,-0.004612655,-151.372507397,0.117998689,-1.246574864,-179.753715499,151.372284792,178.969601987,-2.642077671,0.045189824,-0.005994516,-151.402083328,0.224942333,-1.902438328,-0.000076860,-0.003892372,-0.003810885,-0.000572763,-0.000047775,0.007130845,0.665095725
17,0.283616950,-2.641946077,0.029255817,-0.004479949,-151.381448323,0.121452288,-1.237908852,-179.746434794,151.381212410,178.984677602,-2.642069749,0.045443648,-0.005712022,-151.402054563,0.239082815,-1.909845601,-0.000233261,-0.004017444,-0.003915075,-0.000571191,-0.000202511,0.007362530,0.682402566
18,0.300300300,-2.642128229,0.029134162,-0.004329640,-151.391854172,0.126192215,-1.231348930,-179.736451267,151.391599376,179.000024245,-2.642016521,0.045693958,-0.005395460,-151.399450388,0.254620308,-1.916772392,-0.000415252,-0.004144548,-0.003976317,-0.000524580,-0.000382498,0.007598538,0.697367906
19,0.316983650,-2.642152071,0.029041352,-0.004033569,-151.393261135,0.137269651,-1.224490146,-179.713303745,151.392959624,179.027207901,-2.641829402,0.046234468,-0.005230233,-151.389411387,0.267142928,-1.937133695,-0.000440508,-0.004371553,-0.003988844,-0.000347746,-0.000403457,0.008015210,0.724404488
20,0.333667000,-2.642144203,0.029419078,-0.003898801,-151.393115365,0.146681576,-1.238474251,-179.693648057,151.392771093,179.030479622,-2.641512558,0.046297365,-0.005224924,-151.371334437,0.268339720,-1.939751634,-0.000438054,-0.004398852,-0.003695907,-0.000032056,-0.000398633,0.008065387,0.712162573
21,0.350350350,-2.641753197,0.029940223,-0.003725534,-151.371139574,0.159405525,-1.257989338,-179.667307831,151.370733355,179.034028090,-2.641084730,0.046490017,-0.005725066,-151.346753570,0.250417689,-1.952948952,-0.000054546,-0.004431281,-0.003289698,0.000396438,-0.000011972,0.008117686,0.701404212
22,0.367033700,-2.641828537,0.031230982,-0.003888233,-151.376320739,0.166130483,-1.312224596,-179.653215114,151.375879427,178.992177572,-2.640503805,0.045603974,-0.005830501,-151.312462152,0.237514590,-1.918171768,-0.000143674,-0.004080636,-0.002402797,0.000992732,-0.000103042,0.007477074,0.613692188
23,0.383717050,-2.642142057,0.032623742,-0.004510231,-151.395078661,0.155032797,-1.375318245,-179.676186042,151.394694040,178.908971235,-2.640236811,0.043805887,-0.005823198,-151.295292207,0.219373624,-1.844957457,-0.000468920,-0.003382778,-0.001529578,0.001288628,-0.000437139,0.006204016,0.484731084
24,0.400400400,-2.642141342,0.033412907,-0.005082272,-151.395414249,0.139926507,-1.413391634,-179.707734669,151.395100926,178.843200898,-2.640261004,0.042471348,-0.006147090,-151.295168800,0.192270750,-1.793969010,-0.000473419,-0.002833053,-0.001072546,0.001287843,-0.000449012,0.005196265,0.397302604
25,0.417083750,-2.642117977,0.032880664,-0.005421542,-151.393536497,0.120607900,-1.395247074,-179.748100264,151.393303736,178.825902838,-2.640827120,0.042139066,-0.006265416,-151.327211427,0.183463107,-1.781467461,-0.000440666,-0.002688777,-0.001511991,0.000727861,-0.000420188,0.004930957,0.397054017
26,0.433767100,-2.642018795,0.032190677,-0.005516673,-151.387304923,0.109646855,-1.368166763,-179.771038790,151.387112596,178.832832869,-2.641283717,0.042321606,-0.006364076,-151.353494725,0.180913504,-1.789764692,-0.000332218,-0.002747340,-0.002018370,0.000269303,-0.000312856,0.005036629,0.428997829
27,0.450450450,-2.641758442,0.031826928,-0.005763712,-151.372032335,0.095995732,-1.355995953,-179.799642351,151.371885010,178.819867732,-2.641680967,0.042152768,-0.006773803,-151.375879641,0.162104529,-1.787002834,-0.000065521,-0.002640263,-0.002318613,-0.000122167,-0.000048789,0.004836974,0.436055749
28,0.467133800,-2.641628027,0.031493045,-0.005884526,-151.364277194,0.087699785,-1.343693074,-179.817002530,151.364154272,178.816920879,-2.641961268,0.042141875,-0.006961809,-151.391831618,0.154074593,-1.788407984,0.000069856,-0.002616235,-0.002576285,-0.000400839,0.000085310,0.004791365,0.450426996
29,0.483817150,-2.641942024,0.030666847,-0.006037739,-151.381631856,0.072667688,-1.311548509,-179.848284743,151.381547400,178.821631579,-2.642542686,0.042144367,-0.006525091,-151.425357580,0.171339120,-1.783765337,-0.000233066,-0.002654326,-0.003194827,-0.000985476,-0.000219432,0.004864504,0.484302305
30,0.500500501,-2.642646790,0.029393585,-0.005506285,-151.421329882,0.080635980,-1.253986554,-179.831434563,151.421225717,178.894041010,-2.642822694,0.043385241,-0.005233989,-151.443299516,0.236483519,-1.820811050,-0.000927151,-0.003256310,-0.004011182,-0.001294766,-0.000909053,0.005976335,0.588210849
31,0.517183851,-2.643533468,0.028197879,-0.004922590,-151.471542661,0.091457121,-1.199020452,-179.808505486,151.471408384,178.969222729,-2.643015253,0.044621466,-0.003688111,-151.456469945,0.312017705,-1.855072448,-0.001804996,-0.003879336,-0.004764703,-0.001519690,-0.001781208,0.007132112,0.692349246
32,0.533867201,-2.644007683,0.028147394,-0.004099222,-151.498952927,0.124159759,-1.188331019,-179.739803749,151.498705171,179.040331452,-2.642378571,0.045898119,-0.002710037,-151.421963300,0.365699870,-1.897113983,-0.002285363,-0.004468691,-0.004656557,-0.000912388,-0.002250330,0.008225409,0.753065758
33,0.550550551,-2.643920422,0.029240858,-0.003502984,-151.494893127,0.159788786,-1.226703091,-179.665182390,151.494482847,179.067525731,-2.641293772,0.046460205,-0.002693970,-151.360467954,0.373316517,-1.920156389,-0.002215353,-0.004694724,-0.003770849,0.000162714,-0.002169858,0.008643294,0.738517592
34,0.567233901,-2.643701315,0.031485576,-0.002535878,-151.484327215,0.222512127,-1.308138312,-179.533915500,151.483531970,179.101402843,-2.639274908,0.047183783,-0.002821681,-151.245577370,0.377785597,-1.951559668,-0.002030893,-0.004976671,-0.001998617,0.002170109,-0.001966464,0.009163699,0.704777238
35,0.583917251,-2.643563509,0.033347461,-0.001350303,-151.478395213,0.290128822,-1.371706789,-179.392405365,151.477043564,179.162146133,-2.637290115,0.048426257,-0.002712820,-151.133408546,0.397352853,-2.001638960,-0.001926731,-0.005482443,-0.000459539,0.004132251,-0.001836512,0.010096182,0.727965336
36,0.600600601,-2.643354654,0.034115348,0.000256443,-151.467799502,0.363644003,-1.386382897,-179.238719734,151.465677050,179.282434484,-2.635566404,0.050906346,-0.002417793,-151.037889808,0.437327410,-2.100130543,-0.001742868,-0.006486658,0.000379745,0.005809077,-0.001611441,0.011940191,0.839031803
37,0.617283951,-2.643000126,0.033992920,0.001424978,-151.447932203,0.410230146,-1.369352903,-179.141750602,151.445233364,179.384512449,-2.634688490,0.053078737,-0.002406971,-150.990393658,0.461646933,-2.188830553,-0.001398378,-0.007342760,0.000509004,0.006646666,-0.001232066,0.013501806,0.942990292
38,0.633967301,-2.642686367,0.033668984,0.002450925,-151.430164365,0.448893357,-1.345571556,-179.061408115,151.426935252,179.478724133,-2.634037069,0.055081788,-0.002382875,-150.955771207,0.484519980,-2.270431864,-0.001091029,-0.008133827,0.000468759,0.007259507,-0.000890730,0.014942302,1.043468930
39,0.650650651,-2.642527103,0.033645790,0.003332425,-151.421447990,0.484669109,-1.335505421,-178.986899087,151.417685059,179.554150802,-2.633336002,0.056652037,-0.002245972,-150.917886153,0.507544845,-2.333226038,-0.000940771,-0.008766092,0.000614083,0.007928345,-0.000708799,0.016096402,1.121712184
40,0.667334001,-2.642528772,0.033986531,0.004031623,-151.422196756,0.516666765,-1.342131827,-178.920000512,151.417920475,179.606276697,-2.632580757,0.057696029,-0.002007232,-150.876290097,0.529281652,-2.373511315,-0.000954312,-0.009201025,0.000982937,0.008660320,-0.000695589,0.016895544,1.171403878
41,0.684017351,-2.642606258,0.033969160,0.004576031,-151.426894506,0.538590436,-1.335775133,-178.874012465,151.422246739,179.653061088,-2.632146808,0.058614028,-0.001692010,-150.853006090,0.552408503,-2.407743522,-0.001037527,-0.009590120,0.001068337,0.009072613,-0.000756909,0.017613788,1.220802789
42,0.700700701,-2.642430782,0.033680137,0.004814233,-151.416698584,0.545434665,-1.321546653,-178.860079039,151.411933971,179.679428417,-2.632114434,0.059205111,-0.001802945,-150.851931761,0.554179367,-2.433029420,-0.000861034,-0.009813797,0.000908370,0.009093823,-0.000570582,0.018015119,1.251586625
43,0.717384051,-2.642091751,0.032693453,0.005115901,-151.396538099,0.547754559,-1.278253182,-178.855970179,151.391736893,179.726137135,-2.632416445,0.060268383,-0.002033718,-150.870623194,0.555596924,-2.478723432,-0.000513038,-0.010211081,0.000266188,0.008771831,-0.000209985,0.018725281,1.315265902
44,0.734067401,-2.641760349,0.031439241,0.005680999,-151.376726957,0.558003282,-1.221319630,-178.835307650,151.371748516,179.801017717,-2.632651574,0.061900563,-0.002125349,-150.886487981,0.568769019,-2.546156538,-0.000172759,-0.010844112,-0.000518546,0.008502906,0.000154422,0.019866859,1.417181992
45,0.750750751,-2.641441584,0.030857101,0.006469172,-151.358343338,0.584290634,-1.189426934,-178.781168154,151.352888991,179.880243664,-2.632336145,0.063605189,-0.002187763,-150.871026371,0.584674849,-2.616428681,0.000143827,-0.011513631,-0.000785462,0.008781688,0.000506414,0.021074830,1.512609415
46,0.767434101,-2.640805006,0.031096380,0.007731245,-151.322705574,0.638649094,-1.186042311,-178.669321037,151.316198891,179.981386609,-2.631190813,0.065836227,-0.002585255,-150.808680163,0.593752128,-2.712035470,0.000762528,-0.012374734,-0.000378768,0.009880257,0.001185962,0.022611807,1.616090626
47,0.784117451,-2.640117645,0.032255750,0.009128920,-151.285104472,0.708168942,-1.218689085,-178.526284559,151.277116787,-179.926242174,-2.629432619,0.067888478,-0.003104448,-150.710941422,0.597027324,-2.801934706,0.001418633,-0.013166020,0.000707402,0.011595108,0.001915013,0.024011302,1.693920892
48,0.800800801,-2.638985157,0.034019995,0.010396203,-151.222626564,0.779102692,-1.277275865,-178.381945749,151.212983812,-179.859100093,-2.627460384,0.069556575,-0.004333626,-150.599735601,0.567747436,-2.883917696,0.002512724,-0.013760414,0.002206070,0.013537680,0.003079293,0.025012881,1.742830384
49,0.817484151,-2.637623310,0.036119238,0.011721092,-151.147557575,0.856194709,-1.348847416,-178.226142348,151.135948582,-179.795244744,-2.625265894,0.071216961,-0.005887061,-150.475534476,0.525644610,-2.969311363,0.003829377,-0.014338041,0.003957346,0.015703808,0.004472997,0.025955031,1.792486105
50,0.834167501,-2.636352539,0.037964582,0.013068430,-151.077638423,0.931593582,-1.409794317,-178.074279216,151.063934848,-179.724331682,-2.623194166,0.072989285,-0.007290616,-150.358727138,0.490793429,-3.057776849,0.005056303,-0.014977004,0.005531947,0.017741677,0.005782572,0.027003026,1.859124601
51,0.850850851,-2.634922981,0.038998954,0.014359554,-150.997793810,0.996440091,-1.438198846,-177.945494107,150.982168070,-179.641416411,-2.621622022,0.075060353,-0.008849964,-150.270952171,0.452106361,-3.160008063,0.006452897,-0.015725834,0.006522277,0.019271948,0.007262779,0.028227296,1.954686182
52,0.867534201,-2.633826733,0.038494609,0.015080961,-150.934886136,1.021580415,-1.409865374,-177.897852338,150.918504616,-179.572542319,-2.621349892,0.076778576,-0.010012708,-150.257386875,0.423665655,-3.242892119,0.007545872,-0.016345179,0.006309492,0.019507258,0.008404972,0.029247326,2.051278938
53,0.884217551,-2.633029222,0.036885474,0.015389783,-150.887540279,1.017920072,-1.340856043,-177.908485363,150.871307495,-179.513665989,-2.622011092,0.078230274,-0.010808377,-150.297146395,0.405702751,-3.310356297,0.008361282,-0.016868181,0.005230694,0.018813073,0.009242456,0.030125595,2.152004321
54,0.900900901,-2.632426500,0.035672959,0.015294763,-150.851586264,1.001765265,-1.292311432,-177.943971020,150.835887668,-179.496747434,-2.622772640,0.078776335,-0.011521065,-150.341074738,0.381163037,-3.339864712,0.008981681,-0.017029001,0.004357958,0.018041638,0.009855794,0.030370344,2.205312189
55,0.917584251,-2.631510019,0.035263475,0.014412910,-150.798076231,0.962290180,-1.284808454,-178.028238420,150.783621913,-179.563727435,-2.623728742,0.077724132,-0.013002486,-150.392509434,0.307744923,-3.312283708,0.009915991,-0.016487225,0.003918138,0.017122597,0.010727254,0.029330709,2.172954836
56,0.934267601,-2.630360842,0.034998663,0.013409282,-150.731337435,0.919565425,-1.284503167,-178.119648126,150.718173866,-179.644273423,-2.624703293,0.076471129,-0.014852726,-150.444417764,0.217154832,-3.280413458,0.011082446,-0.015835031,0.003562123,0.016191195,0.011825008,0.028080774,2.137911008
57,0.950950951,-2.629225969,0.034968100,0.012805616,-150.665923991,0.895611379,-1.289538448,-178.172323640,150.653470493,-179.696275161,-2.625224989,0.075780284,-0.016570855,-150.471601985,0.138791747,-3.270327566,0.012225773,-0.015424713,0.003445457,0.015695835,0.012927999,0.027265046,2.130950540
58,0.967634301,-2.628112078,0.035583101,0.012173041,-150.602383056,0.877352841,-1.321254032,-178.213088271,150.590463010,-179.764496198,-2.625407941,0.074746582,-0.018337367,-150.478859920,0.055364307,-3.247006668,0.013339843,-0.014875665,0.003783510,0.015546991,0.014000966,0.026202570,2.098393046
59,0.984317651,-2.627037525,0.034886207,0.011491759,-150.539684005,0.843040804,-1.300003661,-178.286264994,150.528706006,-179.807914338,-2.626350726,0.074228780,-0.019935550,-150.530694253,-0.016895011,-3.242292535,0.014432498,-0.014530136,0.003176653,0.014623645,0.015051576,0.025524596,2.124202774
60,1.001001001,-2.626096010,0.034998525,0.010562295,-150.485320419,0.807138829,-1.314479252,-178.361964939,150.475279630,-179.889059951,-2.627034197,0.072902541,-0.021527486,-150.566476022,-0.097078373,-3.204700369,0.015384508,-0.013858223,0.003099869,0.013978896,0.015948718,0.024276479,2.096462462
61,1.017684351,-2.625391722,0.034618720,0.009699969,-150.444091942,0.768477185,-1.308203093,-178.442374601,150.435005124,-179.953304652,-2.627930430,0.071853839,-0.022731807,-150.615274730,-0.158777270,-3.174055868,0.016104689,-0.013320745,0.002681030,0.013112305,0.016620700,0.023293313,2.089744690
62,1.034367701,-2.624910831,0.034583572,0.009050920,-150.416142704,0.742023396,-1.313730924,-178.497266716,150.407680252,179.993060597,-2.628463243,0.070939254,-0.023599595,-150.643782127,-0.204722982,-3.145570695,0.016594107,-0.012869771,0.002543970,0.012604186,0.017075277,0.022473896,2.073594200
63,1.051051051,-2.624580145,0.034525160,0.008645163,-150.396914589,0.725116377,-1.315705697,-178.532362172,150.388839638,179.960324854,-2.628816022,0.070394022,-0.024178895,-150.662769892,-0.234681415,-3.129211861,0.016930529,-0.012594785,0.002432651,0.012266036,0.017390553,0.021973597,2.067966165
64,1.067734401,-2.623336315,0.035365578,0.008093005,-150.326192983,0.712703858,-1.355933953,-178.560601778,150.318414447,179.894666351,-2.628790282,0.069456889,-0.026116362,-150.658617066,-0.323618132,-3.111712903,0.018169817,-0.012062084,0.002948068,0.012317845,0.018601057,0.020953605,2.064744404
65,1.084417751,-2.622220516,0.036974210,0.006379195,-150.262947599,0.661126337,-1.440148186,-178.667319767,150.256271189,179.717006946,-2.629229869,0.066244738,-0.028382436,-150.678002414,-0.450825724,-3.004524444,0.019283999,-0.010557837,0.003799001,0.011956164,0.019633371,0.018244535,1.963034585
66,1.101101101,-2.620757580,0.037016138,0.004178651,-150.177968436,0.573047578,-1.465812646,-178.847816851,150.172969545,179.533775169,-2.630904091,0.063082104,-0.031139831,-150.768405953,-0.599095329,-2.903305724,0.020770960,-0.008994751,0.003447134,0.010354315,0.021029071,0.015461934,1.946588080
67,1.117784451,-2.619896173,0.034080617,0.002577772,-150.125007423,0.476502277,-1.363444895,-179.043444951,150.121558340,179.465988047,-2.633768863,0.062100159,-0.032586655,-150.930598255,-0.672136530,-2.875652114,0.021688653,-0.008396099,0.001069029,0.007511289,0.021890762,0.014453755,2.063768884
68,1.134467801,-2.619514227,0.030336883,0.001683269,-150.099538661,0.399504442,-1.220362706,-179.198617661,150.097116641,179.474344192,-2.636543437,0.062493071,-0.033046673,-151.089722316,-0.690281522,-2.893559805,0.022125997,-0.008444342,-0.001764635,0.004728714,0.022298633,0.014605657,2.230674848
69,1.151151151,-2.619554758,0.027604593,0.001084982,-150.099550359,0.345279149,-1.115313011,-179.307381565,150.097741187,179.485109315,-2.638528000,0.062769122,-0.032933893,-151.203757632,-0.685334239,-2.901497683,0.022122497,-0.008515040,-0.003826787,0.002738759,0.022274904,0.014790824,2.341662166
70,1.167834501,-2.618835926,0.026180148,0.000226536,-150.057061945,0.295143301,-1.066592068,-179.408708874,150.055742280,179.445772987,-2.639976471,0.062265268,-0.034063867,-151.285590149,-0.738443009,-2.891217293,0.022864938,-0.008169254,-0.004993371,0.001300737,0.022991448,0.014204535,2.433911300
71,1.184517851,-2.618269205,0.026829526,-0.001382113,-150.024461177,0.236893366,-1.110762643,-179.525870740,150.023612122,179.299945342,-2.640835356,0.059555572,-0.035506373,-151.331239739,-0.826392876,-2.794983627,0.023439984,-0.006906789,-0.004816364,0.000497739,0.023527558,0.012003706,2.386889076
72,1.201201201,-2.617514133,0.027900115,-0.003586890,-149.981153518,0.159033720,-1.178745535,-179.682116097,149.980771527,179.096497351,-2.641900888,0.055764195,-0.037485250,-151.387856874,-0.947514248,-2.660024466,0.024202966,-0.005142701,-0.004444824,-0.000494494,0.024248944,0.008934958,2.329353041
73,1.217884551,-2.617367506,0.028844696,-0.005643018,-149.972683915,0.085495477,-1.239874728,-179.829150487,149.972573554,178.908044492,-2.642924293,0.052075493,-0.038600562,-151.443012371,-1.032185805,-2.520285087,0.024355972,-0.003501430,-0.004142981,-0.001450071,0.024374992,0.006097849,2.254201382
74,1.234567901,-2.617697477,0.029536337,-0.006811746,-149.991655790,0.045121703,-1.280825321,-179.909779407,149.991625026,178.797301427,-2.643425451,0.049766119,-0.038711215,-151.469946171,-1.061055517,-2.426866082,0.024027193,-0.002536343,-0.003865445,-0.001909708,0.024036090,0.004430722,2.179962992
75,1.251251251,-2.618592978,0.029965851,-0.006700221,-150.043282305,0.053781992,-1.296881441,-179.892295156,150.043238509,178.796434331,-2.643119193,0.049438228,-0.037529106,-151.452486162,-1.016028543,-2.401621346,0.023125995,-0.002529302,-0.003548221,-0.001595143,0.023135925,0.004416264,2.092078223
76,1.267934601,-2.620676041,0.029419081,-0.005976156,-150.162497453,0.076019831,-1.266069394,-179.847209442,150.162409528,178.866467205,-2.642916904,0.050140623,-0.034428337,-151.442363122,-0.882324654,-2.398294278,0.021043968,-0.003126937,-0.003830562,-0.001400603,0.021059663,0.005480162,1.964353535
77,1.284617951,-2.623417377,0.029236171,-0.004381861,-150.319972490,0.137321947,-1.240606115,-179.722670876,150.319683752,179.000338355,-2.641843993,0.051882878,-0.030143023,-151.383894534,-0.688716848,-2.425818327,0.018292263,-0.004272545,-0.003701694,-0.000357791,0.018326563,0.007509934,1.797511926
78,1.301301301,-2.625825405,0.029930146,-0.002098363,-150.459256137,0.236372807,-1.243779436,-179.520591633,150.458395790,179.173307204,-2.639722282,0.054501835,-0.026117844,-151.266591982,-0.495295311,-2.492477854,0.015856833,-0.005751862,-0.002818065,0.001710654,0.015931103,0.010132139,1.658576818
79,1.317984651,-2.627120733,0.031790372,0.000961203,-150.536164641,0.380239713,-1.286605839,-179.226992793,150.533931359,179.386420574,-2.636316942,0.058267639,-0.023395865,-151.077015206,-0.341073656,-2.620243390,0.014510563,-0.007582162,-0.000949292,0.005035418,0.014662147,0.013356127,1.609617283
80,1.334668001,-2.628483057,0.034101170,0.004278532,-150.617786236,0.539225277,-1.345219309,-178.901062988,150.613280165,179.612343081,-2.632438552,0.062268938,-0.020559422,-150.861464860,-0.178406675,-2.756466481,0.013084762,-0.009512167,0.001285560,0.008820802,0.013349948,0.016781743,1.601186436
81,1.351351351,-2.629970074,0.035926826,0.008258884,-150.706884129,0.719773799,-1.377171831,-178.529151065,150.698826558,179.905563071,-2.628280624,0.067597276,-0.017295884,-150.632984588,0.017018243,-2.942094255,0.011527800,-0.012000186,0.003292020,0.012845536,0.011971009,0.021242309,1.717487920
82,1.368034701,-2.631273746,0.036694363,0.013132645,-150.785307070,0.925493099,-1.356725657,-178.104349234,150.771943797,-179.702279397,-2.623965988,0.074997986,-0.013904996,-150.400492336,0.241250612,-3.210615183,0.010150765,-0.015317638,0.004707978,0.016961395,0.010875620,0.027216598,2.016841159
83,1.384718051,-2.631894350,0.036622271,0.018144159,-150.824060906,1.128463675,-1.300716566,-177.686129040,150.804164144,-179.280544220,-2.619981896,0.083231379,-0.011372429,-150.189948739,0.440343582,-3.521903501,0.009458615,-0.018892897,0.005559311,0.020707810,0.010545613,0.033634451,2.418207781
84,1.401401401,-2.631897449,0.036592491,0.022817651,-150.827491877,1.318660620,-1.249955269,-177.296257322,150.800322485,-178.889374270,-2.616240782,0.091042587,-0.009861855,-149.993652942,0.594073633,-3.826846108,0.009381138,-0.022227306,0.006387606,0.024207706,0.010870443,0.039570574,2.816415066
85,1.418084751,-2.631161690,0.036480214,0.026301013,-150.787790116,1.460180571,-1.208139595,-177.010175516,150.754533738,-178.598849004,-2.613527444,0.097056686,-0.009765314,-149.852123693,0.669376204,-4.073262659,0.010058096,-0.024739934,0.006951115,0.026728955,0.011885223,0.043949326,3.131945272
86,1.434768101,-2.629247904,0.035761740,0.027189545,-150.677901093,1.490607606,-1.168530873,-176.958370314,150.643400463,-178.516892375,-2.613302054,0.099252200,-0.011988877,-149.841697140,0.603076769,-4.187563673,0.011965164,-0.025532739,0.006627394,0.026895993,0.013876627,0.045118525,3.270075744
87,1.451451451,-2.625982761,0.034200054,0.024235034,-150.486735549,1.356438484,-1.135019666,-177.248112740,150.458385035,-178.740436288,-2.616675655,0.095777102,-0.017089471,-150.020796560,0.349585622,-4.098872604,0.015302209,-0.023759286,0.005020901,0.023664001,0.016905875,0.041625101,3.171137738
88,1.468134801,-2.621827364,0.033507857,0.017826458,-150.243586759,1.091138687,-1.174546567,-177.802326562,150.225418685,-179.266766458,-2.622257796,0.086572727,-0.024596521,-150.313831620,-0.067510144,-3.799709296,0.019569379,-0.019370081,0.003414903,0.018390768,0.020611490,0.033561822,2.869730021
89,1.484818151,-2.617241383,0.033524793,0.009061283,-149.975733527,0.737316805,-1.270013660,-178.526690684,149.967525632,-179.994437676,-2.629113767,0.073592719,-0.033687031,-150.677931085,-0.588824946,-3.360795756,0.024275655,-0.013162173,0.001887986,0.011895837,0.024752382,0.022517522,2.572746823
90,1.501501502,-2.613640308,0.035664726,0.000217816,-149.766925760,0.402563003,-1.454830199,-179.200539233,149.764499218,179.235885659,-2.634619526,0.059530662,-0.041927448,-150.972549729,-1.080923283,-2.868647894,0.027946403,-0.006485083,0.001850274,0.006697294,0.028076453,0.010914092,2.381817800
91,1.518184852,-2.611150503,0.038736746,-0.007170161,-149.623616829,0.136753199,-1.662730703,-179.729566268,149.623338399,178.570578254,-2.638351465,0.047214743,-0.048414945,-151.175634301,-1.478218869,-2.430356610,0.030456537,-0.000657938,0.002731667,0.003169856,0.030461044,0.000922557,2.373563107
92,1.534868202,-2.609911680,0.041053820,-0.013140114,-149.552078398,-0.080433242,-1.824261968,179.841278150,149.551982353,178.038905537,-2.641395146,0.037170176,-0.052730613,-151.346050276,-1.760892243,-2.062207981,0.031699856,0.004031817,0.003316027,0.000254879,0.031709801,-0.007036178,2.472321726
93,1.551551552,-2.610174417,0.042324997,-0.018037867,-149.566207619,-0.266727840,-1.930536986,179.473445323,149.565150859,177.615461278,-2.644264069,0.028779407,-0.054612915,-151.509831035,-1.925880281,-1.736110687,0.031441335,0.007774842,0.003327676,-0.002522035,0.031528291,-0.013366194,2.559986187
94,1.568234902,-2.611232042,0.042761568,-0.022079831,-149.625621293,-0.428022057,-1.992573818,179.153563615,149.622893625,177.277178558,-2.647012765,0.021799557,-0.055072220,-151.668242040,-2.017305085,-1.452928900,0.030390985,0.010756481,0.002887666,-0.005203323,0.030592599,-0.018427431,2.634763195
95,1.584918252,-2.612617493,0.043117385,-0.024820922,-149.704306454,-0.537325724,-2.036456515,178.934946915,149.699994330,177.043954483,-2.648883581,0.016747498,-0.054554576,-151.776626148,-2.048325350,-1.239491862,0.029006710,0.012792205,0.002623518,-0.007028594,0.029312922,-0.021931873,2.671684605
96,1.601601602,-2.614202023,0.043781742,-0.026060227,-149.795170650,-0.582041388,-2.076034398,178.843190906,149.790092556,176.924230896,-2.649506410,0.013822552,-0.053132228,-151.812829578,-2.020401559,-1.105120642,0.027414095,0.013809178,0.002852014,-0.007620895,0.027775430,-0.023753308,2.644459641
97,1.618284952,-2.616433859,0.043383993,-0.025247686,-149.922992335,-0.555207253,-2.049076486,178.892266835,149.918347850,176.992358737,-2.649277506,0.014367310,-0.049811594,-151.798357611,-1.879728113,-1.093659357,0.025187600,0.013167062,0.002686892,-0.007374636,0.025517801,-0.022764438,2.471386697
98,1.634968302,-2.618377686,0.042652898,-0.023058442,-150.034531810,-0.475514758,-1.993771527,179.048042244,150.031109528,177.181531620,-2.648194929,0.017403526,-0.046192777,-151.734497460,-1.701293799,-1.181466039,0.023250877,0.011479047,0.002538569,-0.006294953,0.023496882,-0.019947875,2.235981342
99,1.651651652,-2.619946241,0.042385750,-0.020593770,-150.125058353,-0.379175141,-1.954868493,179.238803741,150.122874298,177.385091874,-2.646603433,0.020855124,-0.042989497,-151.642190555,-1.535180322,-1.290838701,0.021679647,0.009678183,0.002776918,-0.004718422,0.021843426,-0.016906148,2.011267288
100,1.668335002,-2.621448517,0.042830203,-0.018260663,-150.212372859,-0.280446500,-1.946661785,179.435492646,150.211173843,177.563419620,-2.644685158,0.023826659,-0.040012923,-151.531864402,-1.382831641,-1.383158481,0.020162253,0.008102099,0.003500182,-0.002817991,0.020261504,-0.014241134,1.803381581
101,1.685018352,-2.622428894,0.042484678,-0.016365277,-150.269003597,-0.207712074,-1.911413051,179.581170919,150.268344349,177.724891922,-2.643500459,0.026677960,-0.037850770,-151.464143414,-1.264881150,-1.478080511,0.019179318,0.006692046,0.003586010,-0.001656919,0.019237970,-0.011813468,1.649357320
102,1.701701702,-2.623007774,0.041273784,-0.015452325,-150.301506636,-0.184063357,-1.851783401,179.628485870,150.300988274,177.825503432,-2.643516663,0.028494541,-0.036572399,-151.465398316,-1.194040654,-1.538779624,0.018614807,0.005823419,0.002880247,-0.001690342,0.018659220,-0.010291475,1.569670697
103,1.718385052,-2.623701334,0.039133340,-0.014847904,-150.339724974,-0.183110231,-1.757525734,179.629976806,150.339211170,177.920933974,-2.644288175,0.030194674,-0.035189076,-151.510066617,-1.120524681,-1.592925238,0.017950084,0.005006691,0.001453460,-0.002479022,0.017988066,-0.008840770,1.507024759
104,1.735068402,-2.624702215,0.037098274,-0.014429418,-150.395647841,-0.188789498,-1.669449281,179.617845429,150.395100430,177.998284198,-2.645148450,0.031430027,-0.033491623,-151.559841144,-1.039135518,-1.624864986,0.016976048,0.004344537,0.000064701,-0.003352068,0.017010258,-0.007664643,1.441972538
105,1.751751752,-2.625922203,0.036075570,-0.014138057,-150.464887066,-0.188851973,-1.623970692,179.616903911,150.464337749,178.042715720,-2.645541585,0.031914778,-0.031660970,-151.582700609,-0.959845233,-1.625358331,0.015768722,0.003959613,-0.000626882,-0.003750152,0.015800010,-0.006992833,1.357921902
106,1.768435102,-2.626978636,0.036433879,-0.014226178,-150.525637435,-0.189413105,-1.639005118,179.615045056,150.525083480,178.025862978,-2.645443400,0.031209697,-0.030349782,-151.576948141,-0.913682366,-1.583231948,0.014708049,0.004095927,-0.000400153,-0.003643509,0.014740657,-0.007254809,1.277414222
107,1.785118452,-2.628078222,0.037353616,-0.014482393,-150.589220520,-0.190875845,-1.678707025,179.611308906,150.588656516,177.982696456,-2.645161359,0.029954986,-0.029112701,-151.560458501,-0.876102745,-1.519644247,0.013597301,0.004454632,0.000195665,-0.003347280,0.013633247,-0.007918588,1.198019634
108,1.801801802,-2.629431009,0.038583461,-0.015127146,-150.667419291,-0.205126462,-1.735045595,179.581276205,150.666765845,177.899915612,-2.645013718,0.027819384,-0.027747913,-151.551401621,-0.842492580,-1.418759098,0.012230650,0.005148507,0.000938353,-0.003176812,0.012276050,-0.009186188,1.132507960
109,1.818485152,-2.630801678,0.039590638,-0.016324840,-150.746279868,-0.244373522,-1.788122277,179.499938909,150.745349459,177.775593606,-2.645419103,0.024854968,-0.026589417,-151.573844625,-0.826087272,-1.285846651,0.010851370,0.006195591,0.001421072,-0.003552643,0.010918369,-0.011085084,1.125947093
110,1.835168502,-2.631908417,0.040561862,-0.017815391,-150.809891624,-0.295764315,-1.842910699,179.393581154,150.808525200,177.627684186,-2.646064069,0.021510256,-0.025914399,-151.610069984,-0.833316902,-1.142298786,0.009736978,0.007442240,0.001827953,-0.004166953,0.009836862,-0.013343362,1.187030553
111,1.851851852,-2.632668018,0.041738044,-0.019731747,-150.853630970,-0.362077610,-1.910703962,179.256610630,150.851579472,177.440040178,-2.646910774,0.017489136,-0.025921212,-151.658029991,-0.875212304,-0.978133824,0.008967096,0.009026515,0.002307618,-0.004980182,0.009118520,-0.016206241,1.328092012
112,1.868535202,-2.633057594,0.043141030,-0.022185838,-150.876171202,-0.447613034,-1.993621605,179.080368057,150.873033102,177.203023796,-2.648026680,0.012610158,-0.026701938,-151.721925651,-0.957287818,-0.786844745,0.008563590,0.011032186,0.002855652,-0.006061080,0.008796197,-0.019818844,1.551229507
113,1.885218552,-2.633433342,0.044608030,-0.024943514,-150.897881790,-0.544850929,-2.082321148,178.879864034,150.893228154,176.938970048,-2.649334197,0.007197429,-0.027675684,-151.797645954,-1.052422643,-0.575689639,0.008170993,0.013265237,0.003394145,-0.007338521,0.008515743,-0.023844283,1.816393699
114,1.901901902,-2.633556604,0.046196949,-0.027618568,-150.905275936,-0.637216103,-2.175278741,178.689717555,150.898909015,176.679797780,-2.650490095,0.001971319,-0.028975109,-151.865593517,-1.158580789,-0.375547898,0.008025698,0.015459953,0.004037683,-0.008474047,0.008499325,-0.027792931,2.092555813
115,1.918585252,-2.633468151,0.047733005,-0.029663829,-150.900735300,-0.704274292,-2.259596179,178.552077244,150.892959445,176.475271954,-2.651176556,-0.002088857,-0.030251247,-151.906963524,-1.251736994,-0.222897963,0.008089766,0.017195459,0.004760832,-0.009150821,0.008674301,-0.030906372,2.321689899
116,1.935268602,-2.633561373,0.049584750,-0.031080982,-150.907097970,-0.742571703,-2.349964480,178.473064503,150.898451314,176.315787059,-2.651216484,-0.005325529,-0.031015414,-151.911179118,-1.315744712,-0.098967944,0.007964661,0.018541852,0.005820444,-0.009187050,0.008630919,-0.033339825,2.514422331
117,1.951951952,-2.633962393,0.051295780,-0.032094236,-150.931154903,-0.766216148,-2.430011721,178.423274013,150.921939826,176.191913220,-2.651049138,-0.007965205,-0.031168172,-151.903202865,-1.348872283,0.006758104,0.007532856,0.019576144,0.006848901,-0.009019170,0.008260595,-0.035238621,2.671062691
118,1.968635302,-2.635201454,0.052823219,-0.032734204,-151.003232584,-0.777495386,-2.497760042,178.396444327,150.993716087,176.099737742,-2.650762347,-0.010281410,-0.030034404,-151.887750540,-1.326442162,0.112346125,0.006265619,0.020314148,0.007802365,-0.008733844,0.007035529,-0.036675085,2.794888808
119,1.985318652,-2.636449099,0.055218108,-0.032683402,-151.076924638,-0.751620840,-2.593515351,178.446184028,151.068003877,176.046515426,-2.649468242,-0.011844026,-0.028611538,-151.813994518,-1.285021083,0.189639082,0.004972666,0.020717789,0.009497690,-0.007442323,0.005734129,-0.037522168,2.915588240
120,2.002002002,-2.637402534,0.057784390,-0.031805038,-151.134453246,-0.690039982,-2.687846605,178.570850644,151.126916326,176.060598985,-2.647428685,-0.011961478,-0.027153573,-151.696540854,-1.227750878,0.208158753,0.003968939,0.020562539,0.011468516,-0.005404372,0.004662884,-0.037335787,2.989533092
121,2.018685352,-2.638141155,0.060612917,-0.030069632,-151.180630530,-0.590673935,-2.784115457,178.774805607,151.175097228,176.142457123,-2.644571308,-0.010652758,-0.025555577,-151.531285849,-1.150366614,0.169759948,0.003172051,0.019844625,0.013783783,-0.002547727,0.003743035,-0.036108474,3.021592948
122,2.035368702,-2.638989925,0.064089909,-0.027882781,-151.234528534,-0.466433496,-2.902008196,179.030809219,151.231070321,176.248411608,-2.641007052,-0.008910758,-0.023645355,-151.325301254,-1.055771354,0.116777499,0.002246942,0.018924210,0.016639279,0.001013985,0.002672813,-0.034512250,3.075916711
123,2.052052052,-2.639502525,0.067998700,-0.025963888,-151.270137756,-0.348314091,-3.040652698,179.275402804,151.268206383,176.323955011,-2.637379648,-0.007657616,-0.022343483,-151.116343202,-0.990749776,0.077556631,0.001643088,0.018271782,0.019757501,0.004638441,0.001944405,-0.033371174,3.189154363
124,2.068735402,-2.639943600,0.072240278,-0.024677891,-151.302306839,-0.252534865,-3.199538244,179.474103242,151.301290234,176.339164758,-2.634046464,-0.007586853,-0.021471041,-150.925031004,-0.955395110,0.082303237,0.001098009,0.018129682,0.022997719,0.007969102,0.001308268,-0.033149276,3.381236506
125,2.085418752,-2.640529871,0.075569294,-0.024178136,-151.341335428,-0.198586695,-3.329327060,179.585930068,151.340705754,176.307330454,-2.631837389,-0.008488943,-0.020718834,-150.798648700,-0.934925007,0.126065147,0.000427075,0.018381459,0.025443256,0.010175640,0.000589622,-0.033646560,3.579563973
126,2.102102102,-2.641421080,0.078212194,-0.024491159,-151.396352073,-0.185447774,-3.439329021,179.612644459,151.395801708,176.220591809,-2.630658121,-0.010581957,-0.019912567,-150.731887142,-0.924681950,0.219494417,-0.000532149,0.019087478,0.027247278,0.011350822,-0.000375824,-0.034987220,3.797595583
127,2.118785452,-2.642198801,0.080321409,-0.025506930,-151.443539001,-0.206339769,-3.534960609,179.568355304,151.442856310,176.085906612,-2.630314644,-0.013584154,-0.019559298,-150.713797451,-0.942378924,0.345564572,-0.001364269,0.020195177,0.028546166,0.011688707,-0.001176625,-0.037061790,4.023569019
128,2.135468802,-2.642888784,0.083243139,-0.026972009,-151.486780627,-0.237075323,-3.668339233,179.503372739,151.485877789,175.895272162,-2.629860775,-0.017688688,-0.019604342,-150.690522260,-0.988167105,0.512329249,-0.002132457,0.021768763,0.030341665,0.012132266,-0.001895032,-0.039994755,4.329757547
129,2.152152152,-2.643310308,0.086514860,-0.028317161,-151.515498774,-0.258935967,-3.814937789,179.457079958,151.514420474,175.707866352,-2.629100969,-0.021639996,-0.019963380,-150.650180449,-1.045383752,0.669406833,-0.002645833,0.023319313,0.032412107,0.012878315,-0.002364642,-0.042875784,4.643732053
130,2.168835502,-2.643667698,0.090395287,-0.029372580,-151.542106851,-0.262711923,-3.983336381,179.448691276,151.540995643,175.531972582,-2.627772748,-0.025348895,-0.020297430,-150.577471181,-1.099507120,0.816687311,-0.003117463,0.024774019,0.034967928,0.014189175,-0.002813465,-0.045579988,4.977960364
131,2.185518852,-2.643691540,0.093649283,-0.029764272,-151.549312819,-0.245319481,-4.119749024,179.485068774,151.548343578,175.427510683,-2.626258191,-0.027500593,-0.020675293,-150.492946133,-1.139061464,0.899915873,-0.003241238,0.025642670,0.037206062,0.015692295,-0.002949678,-0.047182790,5.219060589
132,2.202202202,-2.643573523,0.096945882,-0.029962637,-151.548910912,-0.219355328,-4.256061558,179.539572165,151.548135990,175.339120172,-2.624559690,-0.029281538,-0.021132358,-150.397690309,-1.178148205,0.967099728,-0.003227983,0.026381431,0.039512475,0.017380667,-0.002963673,-0.048536546,5.447116914
133,2.218885552,-2.643651009,0.100333497,-0.030020067,-151.560291345,-0.187150656,-4.394389658,179.607024084,151.559726990,175.260059872,-2.622717005,-0.030947987,-0.021263591,-150.293950322,-1.202960760,1.033076284,-0.003416586,0.027037059,0.041904594,0.019212038,-0.003190878,-0.049750335,5.679578767
134,2.235568902,-2.643991470,0.103597023,-0.030618913,-151.586140870,-0.178867914,-4.532920924,179.624102498,151.585624808,175.136465167,-2.621379822,-0.033595594,-0.021321162,-150.220312477,-1.235116378,1.140108136,-0.003867187,0.028055085,0.044104121,0.020528991,-0.003644779,-0.051652510,5.945850318
135,2.252252252,-2.644382000,0.106244043,-0.031545732,-151.613319105,-0.190409606,-4.649658362,179.599496611,151.612733631,174.997995780,-2.620642771,-0.036547353,-0.021446382,-150.181660319,-1.272929960,1.259052987,-0.004349511,0.029194013,0.045805079,0.021241093,-0.004100168,-0.053784928,6.192535696
136,2.268935602,-2.644784689,0.108592451,-0.032555800,-151.640531411,-0.208468995,-4.755056104,179.561126235,151.639828816,174.858742500,-2.620137508,-0.039514125,-0.021583526,-150.156549742,-1.311249980,1.378573677,-0.004835712,0.030337645,0.047278393,0.021718574,-0.004547614,-0.055930619,6.424782733
137,2.285618952,-2.645099878,0.110697530,-0.033767100,-151.662023941,-0.237035129,-4.852706976,179.500643321,151.661114791,174.707779040,-2.619914299,-0.042679216,-0.021927916,-150.148272220,-1.359938890,1.504041917,-0.005227737,0.031579651,0.048544404,0.021909685,-0.004880327,-0.058255708,6.650195151
138,2.302302302,-2.645127535,0.112980686,-0.035116676,-151.667380782,-0.268757116,-4.959386026,179.433720314,151.666211753,174.542172285,-2.619669575,-0.046035694,-0.022726142,-150.139714400,-1.429278780,1.632395411,-0.005341019,0.032951710,0.049918504,0.022118081,-0.004923724,-0.060800608,6.886686500
139,2.318985652,-2.644657135,0.115166575,-0.036522489,-151.644012971,-0.302547586,-5.063387338,179.363008769,151.642532955,174.376054274,-2.619471012,-0.049218323,-0.024188727,-150.134493644,-1.523812876,1.746444426,-0.004955143,0.034345891,0.051225830,0.022280367,-0.004460051,-0.063342483,7.104018960
140,2.335669002,-2.644057512,0.117318086,-0.037615810,-151.613602266,-0.323622447,-5.162997506,179.319309623,151.611911033,174.238160516,-2.619035918,-0.051788045,-0.025646878,-150.115099306,-1.611829706,1.835424421,-0.004440261,0.035512286,0.052568948,0.022683869,-0.003890083,-0.065446657,7.296039703
141,2.352352352,-2.643118620,0.118685536,-0.038089491,-151.562671077,-0.326586082,-5.224871488,179.314204251,151.560952382,174.172085164,-2.618533169,-0.052786765,-0.027163316,-150.089457682,-1.685267219,1.859541319,-0.003556061,0.036096856,0.053477203,0.023174911,-0.002992692,-0.066439159,7.386915567
142,2.369035702,-2.642230511,0.120360762,-0.038011894,-151.516125497,-0.304050616,-5.293523706,179.362479238,151.514638689,174.146129176,-2.617445519,-0.053011672,-0.028328253,-150.028695016,-1.736746863,1.855602697,-0.002734205,0.036345958,0.054702964,0.024260608,-0.002210820,-0.066817152,7.466470334
143,2.385719052,-2.641666412,0.122697853,-0.037822574,-151.490024007,-0.270980322,-5.387473284,179.432292491,151.488844314,174.113664675,-2.615935046,-0.053498704,-0.029046982,-149.943741742,-1.773475808,1.867024826,-0.002263387,0.036635813,0.056410736,0.025764700,-0.001799369,-0.067303336,7.594085543
144,2.402402402,-2.641582727,0.125602439,-0.038144652,-151.492377562,-0.254156529,-5.509084616,179.467496683,151.491339699,174.022977699,-2.614538707,-0.055330283,-0.029449974,-149.867437367,-1.811947597,1.936891749,-0.002298762,0.037391818,0.058415998,0.027134536,-0.001857751,-0.068693810,7.806324741
145,2.419085752,-2.641738892,0.128641441,-0.039006423,-151.508275033,-0.258591242,-5.641370885,179.457928663,151.507199925,173.882211814,-2.613495661,-0.058247140,-0.029841030,-149.813506863,-1.861461338,2.051420066,-0.002583394,0.038555409,0.060412112,0.028133006,-0.002119422,-0.070857970,8.068116384
146,2.435769102,-2.641771555,0.131341457,-0.040424477,-151.515585892,-0.288813922,-5.765790856,179.394435532,151.514244392,173.701952398,-2.613043795,-0.061895833,-0.030678393,-149.795650123,-1.936458992,2.191230181,-0.002734689,0.040052626,0.062069899,0.028525365,-0.002189658,-0.073625016,8.337222802
147,2.452452452,-2.641498566,0.134175718,-0.041926127,-151.505781039,-0.320214991,-5.897021723,179.328812084,151.504132656,173.513097610,-2.612540621,-0.065604300,-0.031956701,-149.775941433,-2.030261192,2.328621770,-0.002589619,0.041633998,0.063816258,0.028963491,-0.001955483,-0.076516255,8.611105327
148,2.469135802,-2.640796661,0.137052357,-0.043612786,-151.471429108,-0.357446365,-6.032629659,179.251606005,151.469378074,173.309851309,-2.612093903,-0.069437867,-0.033883726,-149.761065876,-2.151895764,2.464021549,-0.002021806,0.043355523,0.065571523,0.029337454,-0.001278923,-0.079615708,8.886135746
149,2.485819152,-2.639913082,0.140354350,-0.045553301,-151.427676862,-0.400057331,-6.188546739,179.163574249,151.425112369,173.076898335,-2.611561675,-0.073797073,-0.036197908,-149.743674736,-2.295332908,2.616631823,-0.001296526,0.045335625,0.067588369,0.029779779,-0.000421500,-0.083163483,9.200201926
150,2.502502503,-2.638537169,0.143816084,-0.048120122,-151.355498437,-0.464925117,-6.358453001,179.030211758,151.352045292,172.790459596,-2.611318483,-0.079025718,-0.039495109,-149.747279603,-2.487964330,2.794168970,-0.000094694,0.047792185,0.069620196,0.029903799,0.000984212,-0.087511303,9.549535587
151,2.519185853,-2.637175560,0.146574855,-0.050810963,-151.281985959,-0.541945735,-6.501216101,178.872231533,151.277308307,172.509751185,-2.611536629,-0.084116952,-0.042832537,-149.778265342,-2.679717200,2.965979488,0.001119857,0.050210763,0.071131003,0.029557718,0.002447796,-0.091763407,9.861218981
152,2.535869203,-2.635819435,0.149097949,-0.053619064,-151.207976534,-0.626061538,-6.635794306,178.700295063,151.201753410,172.225201081,-2.611945900,-0.089266313,-0.046235886,-149.821706476,-2.874213412,3.139688208,0.002334868,0.052671432,0.072453770,0.029007187,0.003949390,-0.096066132,10.165953876
153,2.552552553,-2.634639025,0.150684446,-0.056182723,-151.141575103,-0.710339770,-6.729542217,178.528489824,151.133585929,171.981720142,-2.612709441,-0.093637778,-0.049264757,-149.883648061,-3.043867522,3.286034654,0.003417803,0.054788717,0.073150841,0.028113658,0.005327028,-0.099738120,10.399366397
154,2.569235903,-2.633342981,0.152199998,-0.058616586,-151.068562916,-0.789642533,-6.819432045,178.368044850,151.058720343,171.752327275,-2.613382605,-0.097674456,-0.052369555,-149.940415805,-3.212949559,3.417927559,0.004618013,0.056802552,0.073824982,0.027310626,0.006818930,-0.103183980,10.617728928
155,2.585919253,-2.632372618,0.153792590,-0.060357258,-151.015428876,-0.840914349,-6.904603721,178.265037868,151.004291297,171.577792235,-2.613556064,-0.100756972,-0.054660850,-149.964686246,-3.339551643,3.519341511,0.005492803,0.058336277,0.074670295,0.027033123,0.007898604,-0.105804674,10.806686563
156,2.602602603,-2.632006645,0.154812440,-0.061186217,-150.996429893,-0.862917208,-6.955621419,178.220728239,150.984711137,171.488305003,-2.613501534,-0.102392806,-0.055639830,-149.968912386,-3.397424393,3.575645954,0.005799595,0.059113853,0.075255835,0.027032379,0.008300942,-0.107154189,10.916518455
157,2.619285953,-2.631883144,0.154894933,-0.060721722,-150.990309676,-0.842744005,-6.954345875,178.262638692,150.979135144,171.526320937,-2.613109934,-0.101603808,-0.055511778,-149.943594701,-3.384644321,3.544399852,0.005923123,0.058798938,0.075402848,0.027448139,0.008350470,-0.106572032,10.888979975
158,2.635969303,-2.632054329,0.153981864,-0.059011366,-150.999800421,-0.783113612,-6.898796180,178.385036073,150.990147280,171.688771241,-2.612453795,-0.098467668,-0.054245970,-149.893276547,-3.300510062,3.429207995,0.005813245,0.057414482,0.075059603,0.028203993,0.008011444,-0.104106416,10.724881409
159,2.652652653,-2.632657290,0.151759282,-0.056535408,-151.031083490,-0.707260117,-6.781024913,178.539971602,151.023199427,171.941654092,-2.612058014,-0.093687612,-0.051966626,-149.851275086,-3.156263221,3.258025323,0.005341920,0.055244921,0.073911388,0.028747266,0.007248017,-0.100274991,10.437985723
160,2.669336003,-2.633767843,0.149338409,-0.054308195,-151.090450520,-0.645156337,-6.656862889,178.665640862,151.083874031,172.175085197,-2.612009427,-0.089470809,-0.049208417,-149.830934909,-2.997659926,3.115509427,0.004367893,0.053214579,0.072561763,0.028923044,0.006041325,-0.096754204,10.167836932
161,2.686019353,-2.634854317,0.146608904,-0.052294493,-151.147270046,-0.594768548,-6.522553917,178.767618010,151.141667495,172.398067747,-2.612266888,-0.085433067,-0.046602391,-149.829715788,-2.846483409,2.978937748,0.003427861,0.051281185,0.070955357,0.028779802,0.004913265,-0.093385664,9.890425327
162,2.702702703,-2.635146856,0.143576413,-0.050650347,-151.157384213,-0.560032228,-6.381387745,178.839205525,151.152414835,172.601832710,-2.612838687,-0.081457254,-0.045199242,-149.849289324,-2.744435427,2.831952832,0.003289379,0.049559444,0.069090734,0.028308541,0.004637798,-0.090277972,9.594228541
163,2.719386053,-2.634856939,0.139620543,-0.049428169,-151.131102014,-0.550274899,-6.208150277,178.860374530,151.126309477,172.793864567,-2.614153460,-0.077465852,-0.044742913,-149.913359481,-2.679453600,2.674475388,0.003768986,0.047972158,0.066510234,0.027085225,0.005048659,-0.087325546,9.247421394
164,2.736069403,-2.635348082,0.135669142,-0.049193382,-151.148442817,-0.583015473,-6.044005896,178.791920348,151.143059219,172.897888227,-2.616279675,-0.075502247,-0.043863269,-150.028828042,-2.617931163,2.605157911,0.003457295,0.047085578,0.063730718,0.025004848,0.004792943,-0.085740709,8.985156400
165,2.752752753,-2.637703419,0.131725356,-0.049756624,-151.271761810,-0.653307380,-5.885191285,178.640995802,151.264967406,172.923111007,-2.619218483,-0.075801499,-0.041087667,-150.193877948,-2.502183453,2.649390851,0.001273142,0.046762765,0.060760761,0.022069583,0.002776320,-0.085421914,8.827077335
166,2.769436103,-2.640169621,0.128613085,-0.050482284,-151.403826802,-0.721581735,-5.761703350,178.492680034,151.395492796,172.914882172,-2.621819469,-0.076832858,-0.038293253,-150.341398041,-2.394232445,2.723184640,-0.001062778,0.046706356,0.058351883,0.019454040,0.000613195,-0.085625930,8.740867443
167,2.786119453,-2.642660856,0.127100855,-0.050773218,-151.542140835,-0.755557447,-5.698721519,178.414713582,151.532950962,172.907586059,-2.623203406,-0.077898933,-0.035276705,-150.419006218,-2.279930709,2.799870536,-0.003490556,0.046631443,0.057159241,0.018052307,-0.001723098,-0.085825150,8.735571528
168,2.802802803,-2.645485640,0.127024144,-0.050624669,-151.703686911,-0.757790297,-5.688964638,178.401714179,151.694380127,172.903773158,-2.623496312,-0.079057043,-0.031642112,-150.433530245,-2.143535609,2.886346809,-0.006309126,0.046503977,0.057056702,0.017736524,-0.004526441,-0.085987462,8.809902315
169,2.819486153,-2.649048090,0.128625840,-0.049173672,-151.913217044,-0.692129507,-5.732809418,178.530163519,151.905384524,172.970480198,-2.621962461,-0.079122567,-0.026378096,-150.338696978,-1.932542114,2.945212208,-0.009927402,0.045755114,0.058359480,0.019265488,-0.008313846,-0.085089658,8.941135235
170,2.836169503,-2.652698278,0.131942004,-0.046148837,-152.134400663,-0.545987532,-5.830403268,178.831986611,152.129480704,173.137034305,-2.618266766,-0.077234425,-0.020139739,-150.114700657,-1.664684496,2.934982060,-0.013700301,0.044202800,0.061155441,0.022987429,-0.012470384,-0.082635913,9.101381929
171,2.852852853,-2.655686378,0.136145815,-0.041424289,-152.323146715,-0.320854660,-5.948524305,179.309250162,152.321433910,173.439763723,-2.612648232,-0.072339364,-0.013792087,-149.775051323,-1.362230449,2.804124218,-0.016850978,0.041612145,0.064899651,0.028680454,-0.016189031,-0.078019860,9.210120766
172,2.869536203,-2.658586502,0.140830323,-0.035449501,-152.511340054,-0.040804200,-6.074442574,179.911597580,152.511312129,173.847135451,-2.605705208,-0.065255761,-0.006915800,-149.356922166,-1.014163004,2.591304295,-0.019945876,0.038228328,0.069205859,0.035714114,-0.019914993,-0.071732103,9.299206615
173,2.886219553,-2.661110401,0.145177871,-0.028871229,-152.679553655,0.260725735,-6.182027686,-179.431943474,152.678405343,174.322662383,-2.598337409,-0.056590957,-0.000270299,-148.915286834,-0.655325061,2.313111584,-0.022666899,0.034362340,0.073387839,0.043168933,-0.023203922,-0.064329733,9.347121068
174,2.902902903,-2.662827492,0.149791181,-0.022225151,-152.804339284,0.569419798,-6.301560467,-178.754243472,152.798833171,174.806460670,-2.590602559,-0.047422313,0.005245715,-148.456516552,-0.333790132,2.003147653,-0.024613891,0.030500749,0.077789284,0.050972823,-0.025603938,-0.056744845,9.407662003
175,2.919586253,-2.664082289,0.155199900,-0.016692033,-152.905237551,0.841582965,-6.465371629,-178.152756905,152.893159287,175.179085624,-2.583223004,-0.040322870,0.009469170,-148.024215949,-0.085432681,1.764096025,-0.026153706,0.027571509,0.082561752,0.058381707,-0.027454870,-0.050860435,9.583046556
176,2.936269603,-2.664892435,0.160686910,-0.012480119,-152.980164497,1.061983395,-6.646091783,-177.663397212,152.960871950,175.435350036,-2.576809426,-0.035422961,0.012407211,-147.651491751,0.087501217,1.600550305,-0.027263879,0.025590239,0.087162705,0.064802601,-0.028773153,-0.046781101,9.819292573
177,2.952952953,-2.665043831,0.165383905,-0.009770089,-153.012659158,1.216051957,-6.810253501,-177.321803158,152.987330146,175.576126852,-2.572009741,-0.032647814,0.013772490,-147.374082705,0.173083162,1.505145817,-0.027678362,0.024525690,0.090956831,0.069606002,-0.029323836,-0.044518449,10.041504811
178,2.969636303,-2.664908648,0.168459520,-0.008471739,-153.020038848,1.298445235,-6.922662917,-177.139851969,152.991153953,175.625983568,-2.569244753,-0.031618400,0.014138542,-147.214892983,0.198563249,1.468561724,-0.027717279,0.024164232,0.093363369,0.072373541,-0.029442348,-0.043702181,10.197349279
179,2.986319653,-2.664587498,0.170450449,-0.008815791,-153.009044032,1.304670649,-7.007182240,-177.127238157,152.979895467,175.552452045,-2.568419169,-0.033033224,0.013534708,-147.168721701,0.156110785,1.519708059,-0.027502615,0.024765813,0.094716110,0.073196701,-0.029279486,-0.044836677,10.334418394
180,3.003003003,-2.664352894,0.171616375,-0.011126847,-152.995315636,1.223029824,-7.077205468,-177.308050873,152.969714396,175.321056790,-2.569664815,-0.037678630,0.012150338,-147.244089298,0.044195412,1.693108283,-0.027317379,0.026607392,0.095129790,0.071930000,-0.029115326,-0.048455649,10.497646132
181,3.019686353,-2.664674759,0.172580644,-0.015357455,-153.008357073,1.059558032,-7.156997113,-177.666479507,152.989129158,174.922220898,-2.572614132,-0.045902571,0.010550398,-147.421524781,-0.117496568,2.010079826,-0.027668964,0.029768813,0.095035138,0.068914311,-0.029428189,-0.054698902,10.757355470
182,3.036369703,-2.664745569,0.173538402,-0.021251094,-153.003613894,0.829600474,-7.252971416,-178.172913541,152.991827202,174.374969983,-2.576879356,-0.057058063,0.007717188,-147.681194279,-0.361660471,2.432112766,-0.027769801,0.034102328,0.094645042,0.064532005,-0.029367997,-0.063274009,11.093025356
183,3.053053053,-2.664780855,0.173837632,-0.027701110,-152.993361810,0.570958047,-7.327720263,-178.742802916,152.987780702,173.792365870,-2.581909306,-0.068901982,0.004411461,-147.990338671,-0.629537495,2.876739693,-0.027808697,0.038709562,0.093691636,0.059335679,-0.029080534,-0.072409730,11.427322435
184,3.069736403,-2.664688110,0.173062101,-0.033873480,-152.972647534,0.313795588,-7.356465215,-179.309479274,152.970963118,173.258640455,-2.587248256,-0.079684554,0.000945140,-148.319826535,-0.887938251,3.276248512,-0.027672392,0.042927020,0.092035223,0.053808836,-0.028477428,-0.080784213,11.686579922
185,3.086419753,-2.664831877,0.171998411,-0.040212210,-152.964610594,0.046226633,-7.374818080,-179.898300440,152.964574051,172.715768346,-2.592855585,-0.090717808,-0.002465638,-148.669196370,-1.143253942,3.687030284,-0.027768775,0.047209475,0.090137167,0.047966670,-0.027956651,-0.089302907,11.961492131
186,3.103103103,-2.665877819,0.171167657,-0.047413472,-153.008011758,-0.257379215,-7.409251452,179.432932635,153.006876827,172.085453532,-2.599075588,-0.103842955,-0.005440439,-149.062793740,-1.399426064,4.188647522,-0.028796051,0.052138706,0.088216523,0.041404823,-0.028122348,-0.099211341,12.354967622
187,3.119786453,-2.667510509,0.169629321,-0.055171512,-153.082295067,-0.592279146,-7.418923659,178.691884461,153.076266290,171.414705844,-2.606162975,-0.118002248,-0.008265954,-149.514295230,-1.654065365,4.734195660,-0.030391043,0.057327414,0.085677945,0.033883171,-0.028568106,-0.109787910,12.775130514
188,3.136469803,-2.670087337,0.166956753,-0.062894009,-153.207929044,-0.939541493,-7.379696681,177.916354759,153.192678131,170.760424464,-2.613969626,-0.132204521,-0.010173238,-150.011256813,-1.863990067,5.291366638,-0.032886975,0.062276233,0.082317841,0.025570687,-0.029663985,-0.120174711,13.174428885
189,3.153153153,-2.672884464,0.163489386,-0.070068181,-153.345964564,-1.272354700,-7.301791724,177.165582946,153.317833943,170.165208393,-2.621829522,-0.145330186,-0.011710234,-150.511778315,-2.041308763,5.808151303,-0.035575124,0.066687764,0.078494270,0.017186240,-0.030821862,-0.129681170,13.513155347
190,3.169836503,-2.675766230,0.159417257,-0.076478258,-153.489730125,-1.579590285,-7.191210627,176.464756395,153.446114071,169.645661586,-2.629462724,-0.156996388,-0.012835871,-150.996818032,-2.182127096,6.269299540,-0.038325669,0.070445918,0.074385413,0.009041078,-0.032006190,-0.138038442,13.781704899
191,3.186519853,-2.677857637,0.156211555,-0.082440905,-153.592847183,-1.857566985,-7.112924061,175.829236016,153.532276195,169.152158764,-2.636132524,-0.167834461,-0.014800848,-151.428600132,-2.347762124,6.687967547,-0.040340957,0.074047164,0.070995115,0.001863008,-0.032454116,-0.145948333,14.055490256
192,3.203203203,-2.679217339,0.153773040,-0.087387949,-153.658430280,-2.084729530,-7.057646000,175.310143906,153.581942628,168.740396334,-2.641461706,-0.176719858,-0.017020245,-151.778602803,-2.505890508,7.025003378,-0.041659613,0.077075774,0.068351202,-0.003907592,-0.032389333,-0.152525266,14.287544918
193,3.219886553,-2.680000067,0.151756003,-0.090963192,-153.694241647,-2.250571064,-7.007846065,174.932196898,153.604982293,168.450329100,-2.645405197,-0.182900257,-0.018924979,-152.037879414,-2.627947959,7.255733984,-0.042406278,0.079219788,0.066268354,-0.008171545,-0.032083657,-0.157147361,14.433703321
194,3.236569903,-2.681554317,0.149125010,-0.092058882,-153.775609328,-2.323872098,-6.907414297,174.752868222,153.680111639,168.386827538,-2.648005332,-0.184869390,-0.017936013,-152.193059990,-2.595994158,7.344488405,-0.043851800,0.079501143,0.064179052,-0.010881738,-0.033095596,-0.158292240,14.408957396
195,3.253253253,-2.684898376,0.146654293,-0.091003649,-153.962090345,-2.313468024,-6.787977890,174.741676762,153.866664672,168.488680056,-2.649280942,-0.184326031,-0.013119174,-152.250354723,-2.389789090,7.369600883,-0.047055094,0.078280405,0.062540224,-0.012149925,-0.036391515,-0.157001729,14.329923937
196,3.269936603,-2.688760757,0.144503340,-0.088260591,-154.180683964,-2.232967342,-6.664504535,174.884084530,154.090908532,168.731455332,-2.649178047,-0.181155134,-0.006310207,-152.212068708,-2.082948016,7.308480894,-0.050763362,0.075929165,0.061416691,-0.011919843,-0.040651163,-0.153528344,14.184305440
197,3.286619953,-2.692159653,0.143538281,-0.085481063,-154.375584965,-2.138712823,-6.590352284,175.064601184,154.292499086,168.960685315,-2.648244363,-0.178020976,-0.000042143,-152.129180123,-1.801646366,7.244453326,-0.054066536,0.073773332,0.061144979,-0.010873596,-0.044550643,-0.150199260,14.095163646
198,3.303303303,-2.695331812,0.143733457,-0.083377972,-154.559595548,-2.060677770,-6.570224957,175.212058718,154.481815353,169.107038693,-2.647110268,-0.176448344,0.005369739,-152.044739867,-1.571026873,7.235970628,-0.057210223,0.072304418,0.061570666,-0.009713863,-0.048129658,-0.148134435,14.118919983
199,3.319986653,-2.698420286,0.144943327,-0.081743717,-154.740812492,-1.992383866,-6.595751591,175.339290041,154.667499861,169.190012365,-2.645744556,-0.176114538,0.010267373,-151.954092005,-1.374303428,7.273322146,-0.060326083,0.071347991,0.062623552,-0.008390380,-0.051573690,-0.147045025,14.238324254
200,3.336670003,-2.701022863,0.146248728,-0.080593847,-154.894048948,-1.941642953,-6.630960458,175.431773018,154.823933798,169.233187625,-2.644603745,-0.176370797,0.014202246,-151.881199274,-1.221564022,7.324978911,-0.062969548,0.070753210,0.063668548,-0.007316369,-0.054437683,-0.146541985,14.374891919
201,3.353353353,-2.702528715,0.147431046,-0.080645472,-154.983037854,-1.937534456,-6.675003770,175.426303887,154.912936262,169.181181019,-2.644282380,-0.178099238,0.015874797,-151.866413515,-1.172099483,7.412699497,-0.064530464,0.070986948,0.064442596,-0.007110042,-0.055943309,-0.147472309,14.529047648
202,3.370036703,-2.702364922,0.147712633,-0.081382103,-154.973583265,-1.964314832,-6.693399446,175.364943300,154.901564150,169.107537683,-2.644689022,-0.179542109,0.015064580,-151.897585179,-1.217719035,7.462671806,-0.064391459,0.071553762,0.064512238,-0.007581420,-0.055618642,-0.148631914,14.586994704
203,3.386720053,-2.701010466,0.147530749,-0.081921197,-154.895089992,-1.983841854,-6.694598705,175.332664547,154.821895055,169.079820823,-2.644961407,-0.179512757,0.013046237,-151.917606860,-1.298300260,7.440679633,-0.063038081,0.071910659,0.064327324,-0.007823881,-0.054174707,-0.148969931,14.543198877
204,3.403403403,-2.698834419,0.147283569,-0.083240151,-154.768631605,-2.033130351,-6.702499576,175.239450279,154.692198370,168.992038935,-2.645727096,-0.180349728,0.009430168,-151.973303477,-1.450332157,7.437245002,-0.060873326,0.072809547,0.063980373,-0.008586509,-0.051742194,-0.150198746,14.506795796
205,3.420086753,-2.696989059,0.146613836,-0.085746296,-154.658892361,-2.135122559,-6.703376184,175.021725658,154.575026995,168.798419967,-2.647708982,-0.183495498,0.005232018,-152.110335484,-1.643635357,7.520768127,-0.059039274,0.074462054,0.063115484,-0.010687418,-0.049287146,-0.153136282,14.540245417
206,3.436770103,-2.696444035,0.146126091,-0.089626811,-154.622767263,-2.294707741,-6.720615427,174.658405813,154.526078648,168.454511629,-2.650895825,-0.190282453,0.001360204,-152.333016344,-1.853565605,7.754882553,-0.058539321,0.077097794,0.062094601,-0.014208381,-0.047695110,-0.158555572,14.742723538
207,3.453453453,-2.696511507,0.146331534,-0.094711304,-154.622401874,-2.498432285,-6.775061632,174.186799076,154.507825445,167.974354900,-2.654721934,-0.200106901,-0.002936888,-152.610242472,-2.105597145,8.108203282,-0.058711800,0.080694262,0.061325771,-0.018562732,-0.046336130,-0.166169978,15.102875273
208,3.470136803,-2.696290255,0.146291181,-0.099122092,-154.605806537,-2.676364202,-6.814349350,173.779130905,154.474470808,167.567887874,-2.658062258,-0.208272975,-0.007060833,-152.854044289,-2.334805240,8.396778694,-0.058578073,0.083778303,0.060513570,-0.022364481,-0.044814140,-0.172580686,15.390738298
209,3.486820153,-2.694954872,0.146107808,-0.101800166,-154.526747637,-2.782594550,-6.835611906,173.552462027,154.385310178,167.345921590,-2.659885596,-0.212143353,-0.010938854,-152.989912306,-2.519486742,8.514922685,-0.057292512,0.085637706,0.059942045,-0.024402690,-0.042728805,-0.175953725,15.499606284
210,3.503503504,-2.692877769,0.145900816,-0.103333898,-154.406167678,-2.840848610,-6.847925515,173.447116407,154.259554679,167.244580468,-2.660673154,-0.213201637,-0.014625734,-153.051654966,-2.674760271,8.521737949,-0.055241511,0.086701826,0.059578916,-0.025235988,-0.040296651,-0.177339319,15.494547750
211,3.520186854,-2.691422701,0.146716163,-0.104624152,-154.323599835,-2.881691697,-6.897351386,173.373337617,154.173306553,167.132842549,-2.660843209,-0.214761119,-0.017436206,-153.078564296,-2.802229372,8.558021330,-0.053855241,0.087770900,0.059958248,-0.025492483,-0.038586093,-0.178940076,15.566749173
212,3.536870204,-2.691493988,0.148586601,-0.106079899,-154.330565175,-2.923762693,-6.985988891,173.275621183,154.175816861,166.955895264,-2.660896978,-0.218367816,-0.018736549,-153.105860599,-2.888240764,8.692264366,-0.054048522,0.089124817,0.061005262,-0.025774223,-0.038311845,-0.181716183,15.787537622
213,3.553553554,-2.692955971,0.151282817,-0.107814871,-154.418766836,-2.973522342,-7.105877012,173.140279660,154.258093501,166.709601995,-2.661025650,-0.224047026,-0.018792586,-153.145796292,-2.942705016,8.922751414,-0.055679296,0.090802543,0.062541463,-0.026277935,-0.039286633,-0.185726533,16.144153827
214,3.570236904,-2.694504023,0.152554184,-0.108793676,-154.509400708,-3.005941312,-7.160951936,173.043308143,154.344550989,166.562420074,-2.661413967,-0.227771470,-0.018032428,-153.187084243,-2.944477330,9.081266594,-0.057310872,0.091693611,0.063212388,-0.026920410,-0.040483091,-0.188201786,16.363977433
215,3.586920254,-2.695176363,0.152469873,-0.109253556,-154.547320337,-3.027160920,-7.159515166,172.984952843,154.379859148,166.509251280,-2.661962646,-0.229172577,-0.017716893,-153.225492114,-2.941781182,9.140818522,-0.057989345,0.091991108,0.063052044,-0.027565575,-0.040946233,-0.189113159,16.422155837
216,3.603603604,-2.695593357,0.152062505,-0.109385945,-154.570178929,-3.037328479,-7.142914038,172.955737215,154.401422242,166.498297693,-2.662387428,-0.229597210,-0.017368228,-153.251009185,-2.929354380,9.161046728,-0.058389148,0.092005164,0.062731599,-0.028020524,-0.041260352,-0.189334572,16.425527684
217,3.620286954,-2.696131468,0.151470020,-0.109206721,-154.599819943,-3.036894227,-7.115601861,172.949140646,154.430887431,166.518089602,-2.662714191,-0.229460547,-0.016590966,-153.266231397,-2.894938311,9.162599211,-0.058893495,0.091766275,0.062334171,-0.028340953,-0.041778676,-0.189086743,16.401610482
218,3.636970304,-2.697141647,0.151404366,-0.109109990,-154.657578722,-3.036371088,-7.108691302,172.935494867,154.488266648,166.509628090,-2.662924328,-0.230126183,-0.015392094,-153.278148904,-2.851494515,9.200900454,-0.059897047,0.091672538,0.062277357,-0.028602192,-0.042740502,-0.189332477,16.438906752
219,3.653653654,-2.698610306,0.151494518,-0.109790154,-154.741307483,-3.067094972,-7.113575557,172.842746489,154.567912937,166.416553404,-2.663736902,-0.232728947,-0.014426067,-153.336534260,-2.832060861,9.315174585,-0.061384827,0.092143771,0.062177574,-0.029598933,-0.043872071,-0.190963204,16.561814497
220,3.670337004,-2.700376511,0.151467904,-0.112329647,-154.840398226,-3.174726877,-7.129505730,172.566867812,154.653836149,166.145994847,-2.666070872,-0.239074627,-0.014910201,-153.508957883,-2.896951190,9.566320258,-0.063210117,0.093889937,0.061655165,-0.032375948,-0.044617285,-0.195433222,16.820879828
221,3.687020354,-2.702530384,0.151379332,-0.116576977,-154.960436958,-3.352826231,-7.156742746,172.119287146,154.751315701,165.707264683,-2.669801680,-0.249023581,-0.016699530,-153.788932307,-3.037998859,9.950168032,-0.065465921,0.096811285,0.060773673,-0.036821096,-0.045055157,-0.202610988,17.214564545
222,3.703703704,-2.704628944,0.150469571,-0.121724449,-155.075352862,-3.574181079,-7.158787091,171.569200150,154.836605579,165.200568203,-2.674627099,-0.260325867,-0.019557143,-154.146598589,-3.225056065,10.377960389,-0.067657128,0.100212768,0.059160452,-0.042491458,-0.044957604,-0.210869105,17.619477280
223,3.720387054,-2.706057787,0.148961946,-0.127335489,-155.151035874,-3.817520643,-7.142971314,170.977450503,154.877921354,164.675821910,-2.679918601,-0.271642949,-0.023741641,-154.539651687,-3.459222721,10.794028401,-0.069172753,0.103839233,0.057066776,-0.048665795,-0.043919346,-0.219330801,17.989604306
224,3.737070404,-2.706865311,0.147366419,-0.133578688,-155.191371610,-4.085394514,-7.131326886,170.339402913,154.878259976,164.106993217,-2.685494872,-0.283494927,-0.029401110,-154.962930048,-3.751324752,11.219043278,-0.070093735,0.107899766,0.054816485,-0.055212170,-0.041936596,-0.228389862,18.370394452
225,3.753753754,-2.707522631,0.145542696,-0.140087768,-155.223448281,-4.365525197,-7.113266892,169.676082572,154.865722971,163.522143956,-2.691277359,-0.295546153,-0.035678496,-155.407105283,-4.063867441,11.647642765,-0.070875592,0.112106216,0.052364239,-0.062034224,-0.039556768,-0.237657074,18.750703591
226,3.770437104,-2.708093166,0.143993467,-0.147131860,-155.251748062,-4.664554111,-7.111175616,168.971207214,154.843227796,162.883930626,-2.697173549,-0.308561467,-0.042846715,-155.874893822,-4.413952558,12.109034610,-0.071616391,0.116734739,0.050010800,-0.069116780,-0.036727999,-0.247714947,19.182481789
227,3.787120454,-2.708606482,0.143390939,-0.154010952,-155.279031410,-4.948467839,-7.145761908,168.302957937,154.819170451,162.242252105,-2.702320418,-0.321553823,-0.050143616,-156.307205578,-4.768956838,12.570765442,-0.072353144,0.121415746,0.048349046,-0.075515676,-0.033826325,-0.257781881,19.656705761
228,3.803803804,-2.709193945,0.143519863,-0.160299003,-155.312237213,-5.202285416,-7.204033304,167.702632062,154.803719962,161.637800064,-2.706601695,-0.333798462,-0.056920829,-156.687943974,-5.099164280,13.008719072,-0.073188662,0.125810981,0.047301457,-0.081037880,-0.031177480,-0.267252245,20.135693837
229,3.820487154,-2.709645033,0.143009841,-0.166076571,-155.337304446,-5.440736647,-7.232558217,167.142228295,154.781001346,161.099912887,-2.710790825,-0.344599826,-0.063354596,-157.054356774,-5.401645977,13.392248611,-0.073849513,0.129738312,0.045903203,-0.086373506,-0.028521180,-0.275639923,20.533125892
230,3.837170504,-2.710205793,0.141753256,-0.171371862,-155.368300823,-5.666431215,-7.226168521,166.609147882,154.764609662,160.621064421,-2.715066219,-0.354263329,-0.069214346,-157.416425534,-5.668862248,13.735179707,-0.074575346,0.133192983,0.044068513,-0.091714107,-0.026068835,-0.283110442,20.857777255
231,3.853853854,-2.710926056,0.139566362,-0.177110344,-155.408195806,-5.918349385,-7.185361996,166.012236283,154.749169245,160.117933295,-2.720144288,-0.364445653,-0.075571631,-157.835272300,-5.949244498,14.095816977,-0.075447457,0.136786077,0.041503351,-0.097956086,-0.023354664,-0.290955545,21.166808440
232,3.870537204,-2.711687565,0.137330994,-0.182855129,-155.451297755,-6.170917566,-7.142255030,165.412878809,154.734251259,159.614445619,-2.725208328,-0.374614412,-0.082050475,-158.258032786,-6.230471509,14.456290086,-0.076370421,0.140372202,0.038903379,-0.104226561,-0.020560948,-0.298787109,21.475344049
233,3.887220554,-2.712881088,0.136180714,-0.188195944,-155.520760987,-6.398502379,-7.136835553,164.856488535,154.748266268,159.109066451,-2.729508384,-0.385065423,-0.087876586,-158.640700494,-6.490524474,14.834748150,-0.077764236,0.143855718,0.037123080,-0.109799087,-0.018286922,-0.306722214,21.840022313
234,3.903903904,-2.714992046,0.135758743,-0.192927420,-155.643783264,-6.596806109,-7.150338414,164.335454813,154.818906837,158.610259536,-2.733317464,-0.395966390,-0.092400630,-158.995996057,-6.702773330,15.241903715,-0.080084656,0.147015736,0.035940172,-0.114952914,-0.017004624,-0.314747973,22.251622172
235,3.920587254,-2.717403412,0.135642961,-0.197224811,-155.784453877,-6.775366614,-7.170345076,163.846228535,154.909575698,158.130975560,-2.736779908,-0.406685124,-0.096315492,-159.329538378,-6.889712012,15.646670569,-0.082703023,0.149915591,0.035042596,-0.119767751,-0.016118702,-0.322544694,22.666856057
236,3.937270604,-2.719743967,0.135617390,-0.201429099,-155.921358975,-6.949119574,-7.193070660,163.366976356,154.996168133,157.657708357,-2.740089463,-0.417235901,-0.100330808,-159.656795671,-7.077904873,16.044486269,-0.085255242,0.152764873,0.034226881,-0.124449544,-0.015137297,-0.330235062,23.077418337
237,3.953953954,-2.721644878,0.135932148,-0.204464480,-156.032696764,-7.072021952,-7.221424806,163.016994125,155.070288874,157.298487558,-2.742354575,-0.425328442,-0.103207321,-159.893344251,-7.214867708,16.351476828,-0.087326407,0.154872138,0.033865724,-0.127789089,-0.014529355,-0.336105414,23.404375326
238,3.970637304,-2.723109722,0.137197450,-0.206561923,-156.118918503,-7.148343065,-7.282098677,162.787771035,155.132189553,157.019223744,-2.743374382,-0.431625346,-0.105208357,-160.035507679,-7.318432489,16.592727070,-0.088956163,0.156507344,0.034340995,-0.129657664,-0.014229972,-0.340680519,23.698291532
239,3.987320654,-2.723938704,0.139759675,-0.208396271,-156.169057595,-7.202078794,-7.395967403,162.632548239,155.165456948,156.758242876,-2.743261845,-0.437159005,-0.107377149,-160.108070159,-7.435177883,16.803175452,-0.089996341,0.158207282,0.035776538,-0.130315663,-0.013696767,-0.344845680,24.013642336
240,4.004004004,-2.724407911,0.142218307,-0.210490584,-156.198651580,-7.266559686,-7.509790014,162.465702255,155.175998443,156.489270297,-2.743208220,-0.442586607,-0.110168164,-160.188392598,-7.574729368,17.005472605,-0.090689827,0.160079727,0.037100922,-0.131043969,-0.012714954,-0.349040708,24.320882392
241,4.020687354,-2.724568844,0.143407971,-0.213017613,-156.210097697,-7.358553598,-7.578030513,162.247736952,155.161393987,156.221758857,-2.743984518,-0.447737569,-0.113727636,-160.318748502,-7.733756822,17.191152735,-0.091044291,0.162037678,0.037473745,-0.132591859,-0.011144777,-0.353113888,24.567122022
242,4.037370704,-2.724385023,0.143987328,-0.215593293,-156.201423405,-7.456982854,-7.624143848,162.028729446,155.125513554,155.978044523,-2.744984814,-0.452174338,-0.117562495,-160.456403133,-7.896773428,17.346264338,-0.091031559,0.163932585,0.037421672,-0.134284790,-0.009258832,-0.356726780,24.761812053
243,4.054054054,-2.723672867,0.145281136,-0.218806237,-156.163136177,-7.574070259,-7.707424468,161.787790485,155.055855503,155.681245835,-2.745693439,-0.457222577,-0.122693004,-160.596374241,-8.116103938,17.518853558,-0.090563142,0.166413090,0.037763627,-0.135817372,-0.006590468,-0.361001091,25.009305130
244,4.070737404,-2.723061800,0.146828413,-0.222827077,-156.131381497,-7.721713248,-7.807251785,161.474496391,154.983165400,155.301658459,-2.746688283,-0.463851369,-0.128961478,-160.782406594,-8.383949242,17.749122781,-0.090258464,0.169495987,0.038135631,-0.137903443,-0.003410995,-0.366521493,25.328565699
245,4.087420754,-2.722496271,0.147825286,-0.227416590,-156.102461768,-7.896952707,-7.889656178,161.098767189,154.904365589,154.882813007,-2.748260676,-0.471175455,-0.136034436,-161.018470469,-8.678824868,18.003380283,-0.090012997,0.172875244,0.038023242,-0.140712741,0.000204758,-0.372599211,25.653764088
246,4.104104104,-2.721915722,0.147695497,-0.232733116,-156.072910563,-8.110932455,-7.933214518,160.638886971,154.812337258,154.427057622,-2.750778652,-0.479070092,-0.144169225,-161.326516329,-9.005158497,18.275304073,-0.089750697,0.176561145,0.036999279,-0.144611591,0.004456008,-0.379157544,25.958042471
247,4.120787454,-2.721498489,0.147063464,-0.238466233,-156.053314890,-8.346253715,-7.959233048,160.127467730,154.721669218,153.941222500,-2.753780461,-0.487539396,-0.152867162,-161.677639346,-9.347756539,18.568867618,-0.089662820,0.180441967,0.035548624,-0.149134099,0.008991137,-0.386145859,26.266129584
248,4.137470804,-2.721591711,0.147448882,-0.244635835,-156.064285538,-8.591476137,-8.026617813,159.575079926,154.654766496,153.372865651,-2.756522945,-0.497826901,-0.162096157,-162.047794704,-9.718609693,18.935771222,-0.090170783,0.184785762,0.034715988,-0.153733780,0.013565446,-0.394461416,26.683972218
249,4.154154154,-2.721616507,0.148699835,-0.251158118,-156.072191459,-8.843451667,-8.132145354,159.012902005,154.580728615,152.758229188,-2.758801558,-0.508823816,-0.172051800,-162.414480396,-10.122067796,19.330343228,-0.090686808,0.189528146,0.034423046,-0.158067838,0.018504396,-0.403401847,27.163776876
250,4.170837504,-2.721899271,0.149742529,-0.258110553,-156.095768788,-9.114934717,-8.231164926,158.399049687,154.512570228,152.101259628,-2.761384731,-0.520646012,-0.182665711,-162.822660158,-10.545976222,19.757794508,-0.091493529,0.194520402,0.033903533,-0.162928358,0.023743953,-0.412960906,27.667098223
251,4.187520854,-2.722959042,0.150348440,-0.265432149,-156.165118901,-9.406247794,-8.310234273,157.708914640,154.477333095,151.388149094,-2.764572343,-0.533914417,-0.193678346,-163.296751018,-10.977453761,20.245231301,-0.093095891,0.199657181,0.032999252,-0.168714009,0.028997005,-0.423476655,28.206288023
252,4.204204204,-2.724712849,0.150975898,-0.272718400,-156.275196230,-9.697017221,-8.384510441,156.988586506,154.476445128,150.645573008,-2.767886974,-0.548121655,-0.204613767,-163.799871213,-11.400793703,20.774748727,-0.095405298,0.204739256,0.032102654,-0.174862728,0.034022523,-0.434562864,28.778327226
253,4.220887554,-2.726925373,0.150933817,-0.279512107,-156.411961179,-9.974148296,-8.423780571,156.275414428,154.501309066,149.939299850,-2.771464695,-0.561931750,-0.214846488,-164.313262668,-11.785382053,21.294272806,-0.098118564,0.209336674,0.030821145,-0.181260422,0.038624248,-0.445198630,29.305213374
254,4.237570904,-2.729462147,0.151181176,-0.286274493,-156.568126193,-10.247890550,-8.471238154,155.551552118,154.541432359,149.210961150,-2.774881186,-0.576295577,-0.225244966,-164.836854684,-12.172755832,21.838922335,-0.101180416,0.213942068,0.029740857,-0.187689253,0.043231259,-0.456211196,29.861272364
255,4.254254254,-2.731920242,0.149808228,-0.292703599,-156.720552405,-10.521183389,-8.450624631,154.830042630,154.574514440,148.552559771,-2.778986566,-0.589224499,-0.235311936,-165.380297731,-12.527089197,22.328831956,-0.104072975,0.218029533,0.027601205,-0.194618585,0.047845838,-0.466096384,30.299192499
256,4.270937604,-2.734000683,0.147844687,-0.298702627,-156.851670131,-10.781107282,-8.404899902,154.155087977,154.589983397,147.964428170,-2.783039461,-0.600538638,-0.244945874,-165.896865416,-12.855735612,22.756910874,-0.106538748,0.221728436,0.025139194,-0.201254813,0.052430744,-0.474801625,30.653848102
257,4.287620954,-2.735887766,0.146738857,-0.304588884,-156.971832750,-11.028909099,-8.393567379,153.515600516,154.597316366,147.375385820,-2.786381005,-0.611666787,-0.254679343,-166.378966008,-13.192323012,23.179941546,-0.108854158,0.225504245,0.023296519,-0.207222471,0.057105331,-0.483447166,31.034602452
258,4.304304304,-2.737619162,0.146600485,-0.310201406,-157.082517077,-11.257442316,-8.419540007,152.925799845,154.601329047,146.795236500,-2.788913061,-0.622492238,-0.264206671,-166.815616838,-13.527395576,23.594124394,-0.111046708,0.229263796,0.022175603,-0.212381054,0.061685311,-0.491921636,31.440494066
259,4.320987654,-2.739339352,0.146387339,-0.315780312,-157.193086146,-11.485043861,-8.441811524,152.338037783,154.603112077,146.220207708,-2.791389956,-0.633130822,-0.273844331,-167.253519250,-13.862246397,24.002872126,-0.113231004,0.232983375,0.021010294,-0.217518150,0.066362378,-0.500271930,31.836033997
260,4.337671004,-2.740650415,0.145435244,-0.320897520,-157.280156690,-11.699412638,-8.433581001,151.801492702,154.587451611,145.726279992,-2.793930833,-0.641976773,-0.282782683,-167.660331160,-14.163762951,24.342206244,-0.114941565,0.236272801,0.019424659,-0.222381185,0.070864258,-0.507291035,32.137239533
261,4.354354354,-2.741268158,0.144095436,-0.325428337,-157.326633780,-11.892466904,-8.410512572,151.351124960,154.543550160,145.333130148,-2.796204280,-0.648510117,-0.290745498,-168.003271767,-14.428115976,24.590951520,-0.115898608,0.239124148,0.017687881,-0.226500716,0.075098220,-0.512638033,32.339828848
262,4.371037704,-2.741474390,0.143078327,-0.328875244,-157.346983828,-12.038991695,-8.395117234,151.025480899,154.496218299,145.050336032,-2.797795208,-0.652939577,-0.296829661,-168.249431669,-14.630431240,24.759056909,-0.116368398,0.241306570,0.016372872,-0.229414847,0.078426269,-0.516362055,32.475638923
263,4.387721054,-2.741279125,0.144218266,-0.331430078,-157.339888450,-12.132086260,-8.462694906,150.839605160,154.448277882,144.816513963,-2.797686446,-0.656403190,-0.301455751,-168.368301432,-14.804497925,24.891939926,-0.116458506,0.243272949,0.016711102,-0.230357444,0.080952338,-0.519414395,32.656502807
264,4.404404404,-2.740715981,0.146599412,-0.333318949,-157.308631211,-12.188159595,-8.578035592,150.755493836,154.395750117,144.631889146,-2.796510011,-0.658868582,-0.304948209,-168.397063282,-14.953107804,24.986810201,-0.116180626,0.245017644,0.018029917,-0.229965151,0.082897544,-0.521754593,32.847208907
265,4.421087754,-2.740074873,0.148756281,-0.334894627,-157.272442465,-12.233348785,-8.682605221,150.699138567,154.343799583,144.484163568,-2.795352070,-0.660675664,-0.307855426,-168.407416963,-15.079545338,25.055892477,-0.115788300,0.246512204,0.019250863,-0.229418199,0.084561695,-0.523563698,33.004596859
266,4.437771104,-2.739721775,0.150456920,-0.337019414,-157.254693351,-12.304502627,-8.770772479,150.570795266,154.296150485,144.284101391,-2.794703945,-0.663491157,-0.311731642,-168.477513037,-15.233653314,25.164700517,-0.115714515,0.248289463,0.020054973,-0.229659969,0.086700024,-0.526131719,33.182335145
267,4.454454454,-2.740114212,0.151305020,-0.339676827,-157.282401635,-12.404691115,-8.822481004,150.336779689,154.274687521,144.015624077,-2.794968493,-0.667943872,-0.316576719,-168.641206504,-15.408506565,25.339425304,-0.116394937,0.250243515,0.020163461,-0.231219360,0.089197465,-0.529819471,33.385953542
268,4.471137804,-2.740754128,0.150697157,-0.342512012,-157.326526690,-12.523927776,-8.814862874,150.047231815,154.258292187,143.752887068,-2.796223714,-0.672382182,-0.321697144,-168.863162253,-15.576319590,25.513453070,-0.117271127,0.252051394,0.019231433,-0.233790968,0.091867414,-0.533413542,33.532908988
269,4.487821154,-2.741040230,0.148895025,-0.344629645,-157.349955416,-12.623523923,-8.756597916,149.819657778,154.232522531,143.601084027,-2.797884881,-0.674703995,-0.325428284,-169.048856356,-15.685633118,25.602827733,-0.117671921,0.253176607,0.017608500,-0.236226395,0.093957205,-0.535335015,33.556008758
270,4.504504505,-2.740697861,0.146892071,-0.346210897,-157.335994051,-12.702574382,-8.691504983,149.673363534,154.183708502,143.537517032,-2.799302242,-0.675089241,-0.328101375,-169.170584510,-15.760050522,25.614238512,-0.117387864,0.253932850,0.015952269,-0.237941286,0.095669623,-0.535842337,33.502035597
271,4.521187855,-2.740077972,0.144924596,-0.347650796,-157.305675885,-12.775452048,-8.629150421,149.557175352,154.123542973,143.501991608,-2.800559427,-0.674791456,-0.330481348,-169.266891045,-15.826388604,25.598094005,-0.116817241,0.254613663,0.014349621,-0.239336196,0.097303468,-0.535873806,33.425729697
272,4.537871205,-2.739549637,0.143507540,-0.348612368,-157.278997539,-12.824880793,-8.584362848,149.485032928,154.077423211,143.487793253,-2.801416900,-0.674328469,-0.332046007,-169.326939879,-15.869509305,25.576518957,-0.116318494,0.255056774,0.013209639,-0.240231004,0.098422493,-0.535715206,33.362105616
273,4.554554555,-2.739409208,0.142133981,-0.349220783,-157.274126734,-12.860178812,-8.535117429,149.418828740,154.056680395,143.478583462,-2.802321241,-0.674179525,-0.333031100,-169.387003331,-15.890573209,25.568796251,-0.116174944,0.255243075,0.012155946,-0.241183195,0.099096330,-0.535662249,33.308362998
274,4.571237905,-2.739720583,0.140180722,-0.349529237,-157.295781135,-12.888495991,-8.456179722,149.339011069,154.062010350,143.480920423,-2.803684805,-0.674249890,-0.333502634,-169.468392318,-15.885178409,25.570801822,-0.116427265,0.255096689,0.010748263,-0.242586220,0.099379321,-0.535610913,33.237521703
275,4.587921255,-2.740175724,0.138492629,-0.350196540,-157.326433052,-12.929153972,-8.389447859,149.224820591,154.069200081,143.438113661,-2.805017975,-0.675143224,-0.334660920,-169.573458711,-15.905123937,25.605843349,-0.116870610,0.255235199,0.009458308,-0.244187388,0.099982469,-0.536213765,33.207554170
276,4.604604605,-2.740855455,0.137501150,-0.351499081,-157.370836027,-12.989816333,-8.353725008,149.055751443,154.078600850,143.311824777,-2.806145008,-0.677533909,-0.337053301,-169.713482276,-15.972889951,25.701138520,-0.117631176,0.255919199,0.008534013,-0.246000845,0.101159842,-0.538022420,33.259755896
277,4.621287955,-2.741763353,0.136940300,-0.354084432,-157.431253712,-13.098550558,-8.343263461,148.772906033,154.078511450,143.054260272,-2.807349644,-0.682070672,-0.341855346,-169.933813399,-16.125732603,25.882272507,-0.118764584,0.257546427,0.007677416,-0.248553684,0.103583339,-0.541612414,33.410461697
278,4.637971305,-2.742869616,0.136019155,-0.357262969,-157.505564865,-13.233979942,-8.320983032,148.421684643,154.076758831,142.743730055,-2.808941600,-0.687496424,-0.347790762,-170.209951671,-16.311491512,26.099478114,-0.120140897,0.259505826,0.006465287,-0.251790733,0.106604393,-0.545909927,33.581614557
279,4.654654655,-2.743932486,0.134341657,-0.361117333,-157.580752642,-13.402336624,-8.273642069,148.003950105,154.058709732,142.398077019,-2.811072091,-0.693252154,-0.354956547,-170.541717899,-16.530643021,26.330076444,-0.121512489,0.261798224,0.004613720,-0.255764973,0.110378548,-0.550541299,33.739916502
280,4.671338005,-2.744815826,0.132573023,-0.365772873,-157.648355463,-13.603236679,-8.230153448,147.530678216,154.016816690,142.000269755,-2.813291817,-0.699483899,-0.363605124,-170.912707196,-16.799035999,26.580690324,-0.122788093,0.264633097,0.002561507,-0.260097978,0.115054551,-0.555697219,33.916818385
281,4.688021355,-2.744954824,0.131874621,-0.371866524,-157.675127886,-13.852757563,-8.247391606,147.008741503,153.914549581,141.507700844,-2.814765830,-0.706279570,-0.374827834,-171.298750893,-17.169470145,26.855590256,-0.123523213,0.268682752,0.001003715,-0.264111735,0.121361313,-0.561717688,34.164229657
282,4.704704705,-2.744789839,0.131558299,-0.378482491,-157.685508834,-14.119992181,-8.286705103,146.474594358,153.787653750,140.986399248,-2.815889852,-0.713058791,-0.386977203,-171.685908823,-17.575813105,27.132737272,-0.124038112,0.273173854,-0.000378762,-0.267926370,0.128286834,-0.567906828,34.429184571
283,4.721388055,-2.744579315,0.130585909,-0.384957671,-157.694833145,-14.386744122,-8.298798258,145.947420222,153.658156543,140.499311591,-2.817288971,-0.719112740,-0.398820158,-172.073889818,-17.963915485,27.383224822,-0.124478427,0.277455806,-0.002187866,-0.271879655,0.135114403,-0.573523107,34.643601915
284,4.738071405,-2.744080067,0.129142553,-0.391396046,-157.688921554,-14.655656986,-8.294279547,145.438325511,153.513049224,140.049366384,-2.818790423,-0.724178440,-0.410461316,-172.449073595,-18.341552302,27.595878054,-0.124620758,0.281647616,-0.004311690,-0.275749414,0.141963120,-0.578438200,34.806822715
285,4.754754755,-2.743458509,0.128977120,-0.398439527,-157.675558358,-14.938660166,-8.347134753,144.916313735,153.352577709,139.533030189,-2.819443835,-0.729987165,-0.423247030,-172.818841904,-18.770595583,27.843140985,-0.124774662,0.286483906,-0.005660089,-0.279127479,0.149458072,-0.584119483,35.046954596
286,4.771438105,-2.742948771,0.129643932,-0.405763566,-157.668272044,-15.226326001,-8.434658037,144.384375784,153.192678758,138.972297817,-2.819545205,-0.736423956,-0.436632716,-173.188950828,-19.226130666,28.120706347,-0.125121507,0.291649523,-0.006485512,-0.282231400,0.157249691,-0.590364786,35.340388849
287,4.788121455,-2.742623568,0.130348042,-0.413080156,-157.672258848,-15.513419841,-8.521747318,143.846279887,153.040244947,138.404208168,-2.819574869,-0.742985395,-0.450071226,-173.565721803,-19.680869130,28.407619212,-0.125669324,0.296803340,-0.007285786,-0.285364744,0.165047100,-0.596694527,35.638299349
288,4.804804805,-2.742909908,0.130569637,-0.419749022,-157.711803012,-15.778476046,-8.577985555,143.312632594,152.926476285,137.861891368,-2.819952198,-0.749687074,-0.462568692,-173.953650550,-20.091933048,28.703451348,-0.126745517,0.301387067,-0.008310491,-0.288815543,0.172172957,-0.602902663,35.917249052
289,4.821488155,-2.743319273,0.130321994,-0.425661117,-157.757741818,-16.016920329,-8.607995235,142.824017203,152.830607094,137.384409091,-2.820532864,-0.755565185,-0.473716454,-174.315709612,-20.451010796,28.966441837,-0.127847084,0.305360603,-0.009525999,-0.292161102,0.178528552,-0.608327264,36.145277605
290,4.838171505,-2.744895458,0.129711092,-0.430346549,-157.869538177,-16.209110697,-8.601417813,142.343876157,152.811271855,136.932833276,-2.821571789,-0.762323384,-0.483234983,-174.695196512,-20.738682494,29.266687725,-0.129956050,0.308348900,-0.010786161,-0.295981072,0.183624858,-0.613984414,36.380047220
291,4.854854855,-2.747575045,0.129735723,-0.433344036,-158.038729960,-16.328642662,-8.595833605,141.926042301,152.876837450,136.519243725,-2.822427452,-0.769986390,-0.490380389,-175.043741366,-20.941681766,29.602527582,-0.132988866,0.310213887,-0.011321019,-0.299540283,0.186991685,-0.619870590,36.656852635
292,4.871538205,-2.750863314,0.130957216,-0.434791237,-158.234706490,-16.376803240,-8.620449856,141.601951787,153.003108439,136.150837478,-2.822630743,-0.778055039,-0.495200892,-175.325400184,-21.073374347,29.951672538,-0.136488975,0.311182687,-0.010765553,-0.302261511,0.188770887,-0.625747168,36.981687039
293,4.888221555,-2.754249334,0.132308662,-0.434502333,-158.429530844,-16.354716836,-8.636527547,141.402853158,153.168361894,135.902330991,-2.822727751,-0.784972319,-0.496938308,-175.517954874,-21.104003635,30.246115361,-0.139879523,0.310981679,-0.009818078,-0.304204338,0.188713816,-0.630423442,37.262232956
294,4.904904905,-2.758293867,0.133567169,-0.432608783,-158.657381973,-16.269446785,-8.630359156,141.274363440,153.395857838,135.729731705,-2.823033757,-0.791857302,-0.496151374,-175.672105545,-21.043078432,30.533298380,-0.143726034,0.309625585,-0.008661102,-0.306006755,0.186985272,-0.634655841,37.528837483
295,4.921588255,-2.763193130,0.134744406,-0.429979593,-158.933080485,-16.155655320,-8.606916853,141.134612812,153.677202166,135.551090646,-2.823606045,-0.799838117,-0.494641803,-175.850790142,-20.946566938,30.864157058,-0.148332402,0.307697696,-0.007441944,-0.308243856,0.184579527,-0.639430849,37.826047145
296,4.938271605,-2.768557549,0.136051610,-0.426970303,-159.234400310,-16.026023250,-8.581689727,140.987158422,153.987677714,135.360461402,-2.824204905,-0.808563041,-0.492869840,-176.042752552,-20.836138445,31.224718229,-0.153364678,0.305505803,-0.006075160,-0.310668600,0.181872076,-0.644629113,38.152722157
297,4.954954955,-2.773383617,0.138291761,-0.423394978,-159.499483240,-15.867445655,-8.596499964,140.936412908,154.287046354,135.227158017,-2.824060906,-0.816213557,-0.489751828,-176.145989329,-20.698714988,31.536753694,-0.157838448,0.303132466,-0.003969556,-0.311943701,0.178491504,-0.649048763,38.476567841
298,4.971638305,-2.777468443,0.141267791,-0.419224173,-159.717164456,-15.680420805,-8.645217948,140.999678223,154.566538562,135.176332558,-2.823251142,-0.822210180,-0.484963537,-176.144958514,-20.525130466,31.775859301,-0.161543172,0.300537259,-0.001253908,-0.311955889,0.174318916,-0.652264039,38.770166206
299,4.988321655,-2.779580355,0.145100847,-0.415112525,-159.817535410,-15.489963791,-8.749643020,141.226236053,154.756854698,135.249703228,-2.821383848,-0.824588800,-0.478729603,-175.979877496,-20.340469253,31.862012593,-0.163338493,0.298266768,0.002055359,-0.309868393,0.169852577,-0.653124627,38.974611124
300,5.005005005,-2.780512333,0.147696987,-0.411121428,-159.852507847,-15.313126858,-8.817464989,141.516614139,154.887802917,135.435383577,-2.819958146,-0.824051325,-0.471633978,-175.755786944,-20.130239360,31.825277248,-0.163925063,0.295945671,0.004512122,-0.307396944,0.165300433,-0.651924500,39.032621835
301,5.021688355,-2.781358004,0.148768246,-0.407749623,-159.888302428,-15.171777855,-8.829169280,141.740286992,154.998249990,135.616891228,-2.819447819,-0.823168373,-0.465573434,-175.592232286,-19.937565517,31.776371746,-0.164431297,0.293788258,0.005820711,-0.305886460,0.161458193,-0.650513872,39.023525427
302,5.038371705,-2.781484127,0.148970023,-0.405976057,-159.889254182,-15.099900072,-8.824087117,141.877601715,155.040729349,135.746194035,-2.819307932,-0.821863628,-0.462089757,-175.488756135,-19.826911457,31.715307265,-0.164364867,0.292612425,0.006266463,-0.304978610,0.159381264,-0.649169347,38.975690574
303,5.055055055,-2.780602694,0.149503216,-0.406095296,-159.836774864,-15.100565994,-8.855228685,141.945803710,154.999039234,135.790545777,-2.818738055,-0.820389722,-0.461668537,-175.418436968,-19.830352083,31.653849182,-0.163525968,0.292843090,0.006621471,-0.304006363,0.159375193,-0.648255148,38.946471647
304,5.071738405,-2.777808428,0.151084974,-0.407870501,-159.675338504,-15.158864602,-8.959165065,142.045919878,154.838154541,135.819421109,-2.817036957,-0.816999634,-0.463182170,-175.284186973,-19.930958634,31.517479327,-0.161020995,0.294504102,0.007429466,-0.301710899,0.161019072,-0.646594079,38.902351744
305,5.088421755,-2.774637938,0.152899057,-0.411032975,-159.495918049,-15.270358924,-9.086110107,142.066189780,154.632410252,135.757893405,-2.815120718,-0.814252273,-0.467228734,-175.201705875,-20.119895823,31.412493617,-0.158313923,0.297173989,0.008159785,-0.299694514,0.164239964,-0.645764707,38.897894763
306,5.105105105,-2.771858215,0.155921161,-0.415252537,-159.340475719,-15.415171000,-9.265343007,141.991698029,154.426461166,135.552537765,-2.812579638,-0.813801457,-0.473755540,-175.186486724,-20.396974196,31.408456043,-0.156182211,0.300747077,0.009526308,-0.297957178,0.168732158,-0.646881301,39.025915179
307,5.121788455,-2.769735098,0.159292430,-0.420967698,-159.227925097,-15.617109760,-9.462704135,141.755739135,154.221307266,135.172624919,-2.810000821,-0.816105254,-0.483704826,-175.299638285,-20.780303646,31.527331051,-0.154906440,0.305354862,0.010861350,-0.297327797,0.175021689,-0.650289402,39.270865877
308,5.138471805,-2.768106699,0.161248580,-0.427980602,-159.151827289,-15.881249079,-9.607548316,141.360865948,154.008196682,134.693179242,-2.808385088,-0.819733236,-0.496386698,-175.550471394,-21.230386886,31.709424730,-0.154220452,0.310568582,0.010994250,-0.298377358,0.182859457,-0.654805739,39.512930920
309,5.155155155,-2.767339230,0.161249578,-0.434961319,-159.130789248,-16.158919102,-9.664579368,140.876333060,153.828945335,134.206760168,-2.808134201,-0.823952870,-0.509442380,-175.898176909,-21.659978099,31.920103678,-0.154303662,0.315363900,0.009782411,-0.301013958,0.190784672,-0.659529745,39.698087069
310,5.171838505,-2.767268896,0.161199868,-0.441896588,-159.151446401,-16.435490743,-9.711556058,140.346142312,153.680905264,133.678451807,-2.808007849,-0.829275258,-0.522914423,-176.292461322,-22.092661525,32.182361615,-0.155086999,0.320068638,0.008533765,-0.304162275,0.198778697,-0.664987952,39.918612811
311,5.188521855,-2.768712759,0.161904976,-0.448729396,-159.260088013,-16.703012350,-9.770920993,139.723472347,153.603528901,133.030167146,-2.807679134,-0.837624883,-0.537518329,-176.778659597,-22.548194059,32.580879078,-0.157416162,0.324719688,0.007798373,-0.308101118,0.206989228,-0.672561851,40.272118616
312,5.205205205,-2.769952774,0.162797019,-0.454782277,-159.353966074,-16.937908422,-9.834166737,139.181806008,153.532013856,132.454713334,-2.807107006,-0.844869593,-0.550497850,-177.200104020,-22.955104947,32.932372116,-0.159465864,0.328883946,0.007330805,-0.311355371,0.214318896,-0.679209996,40.590492821
313,5.221888555,-2.771165848,0.163399994,-0.459921300,-159.443946798,-17.138429657,-9.879396164,138.708756974,153.476589740,131.959754515,-2.806677307,-0.851121055,-0.561693472,-177.572848944,-23.301060587,33.239185296,-0.161366118,0.332377243,0.006826461,-0.314278646,0.220629717,-0.684922467,40.858388280
314,5.238571905,-2.773237944,0.163037226,-0.463461727,-159.581354779,-17.282483124,-9.864579156,138.273290733,153.490056866,131.544257365,-2.807085759,-0.857429732,-0.570570263,-177.943202691,-23.548434325,33.542018960,-0.163868968,0.334553497,0.005931103,-0.317706880,0.225353350,-0.690172623,41.082592552
315,5.255255255,-2.776123762,0.162992954,-0.466304243,-159.763695078,-17.396518143,-9.848006854,137.829300352,153.554190580,131.109066995,-2.807456904,-0.864965994,-0.579015811,-178.335780748,-23.771817082,33.897400676,-0.167108599,0.336246696,0.005365175,-0.321378543,0.229571770,-0.696129833,41.358903345
316,5.271938605,-2.779212952,0.163517758,-0.467952013,-159.952003694,-17.458921474,-9.843703228,137.464967626,153.653883353,130.730622819,-2.807559592,-0.872362144,-0.585504535,-178.670498773,-23.934764483,34.240210776,-0.170423644,0.337211498,0.005393845,-0.324464006,0.232534698,-0.701743108,41.647008215
317,5.288621955,-2.782421350,0.164243504,-0.468796551,-160.143670889,-17.487977754,-9.840625285,137.151276528,153.776242058,130.394893347,-2.807593768,-0.879578773,-0.590683305,-178.969855354,-24.055175406,34.570559540,-0.173761871,0.337657412,0.005697780,-0.327244265,0.234667603,-0.707052349,41.933393707
318,5.305305305,-2.785656691,0.163816899,-0.468178093,-160.333959617,-17.466952931,-9.781446384,136.923712232,153.928980701,130.192646282,-2.808483682,-0.885441512,-0.593007212,-179.214005666,-24.070884965,34.829823422,-0.176874339,0.336916662,0.005471764,-0.330041167,0.235116253,-0.710931968,42.120592308
319,5.321988655,-2.789040089,0.163674533,-0.467077881,-160.530253824,-17.424790435,-9.729042362,136.721708314,154.099310431,130.004618316,-2.809250346,-0.891463864,-0.594654660,-179.440771968,-24.065141990,35.092553256,-0.180085441,0.335889357,0.005521238,-0.332657363,0.235098236,-0.714828404,42.322596247
320,5.338672005,-2.791806698,0.163893163,-0.466623813,-160.691703236,-17.405651942,-9.702568795,136.526160133,154.229060613,129.806768357,-2.809601335,-0.896843904,-0.597004197,-179.647664415,-24.094867810,35.331678776,-0.182787264,0.335407572,0.005711678,-0.334827964,0.235675087,-0.718491476,42.519827047
321,5.355355355,-2.794141293,0.163778856,-0.466850728,-160.831246635,-17.415657577,-9.672064561,136.308979387,154.323631061,129.599860850,-2.810003193,-0.901645771,-0.600261019,-179.864596062,-24.155719826,35.550782939,-0.185132072,0.335360890,0.005563192,-0.337057509,0.236945118,-0.721909931,42.687655016
322,5.372038705,-2.795898914,0.163025081,-0.467963487,-160.942026176,-17.464898389,-9.628085853,136.063249577,154.371357851,129.389127814,-2.810603662,-0.905545320,-0.604617914,179.904449047,-24.252854209,35.737259952,-0.186987177,0.335845260,0.004834661,-0.339435481,0.239082897,-0.724882080,42.803553340
323,5.388722055,-2.796420574,0.161545888,-0.469587982,-160.983782150,-17.539093405,-9.572555857,135.873509189,154.352629376,129.261040492,-2.811413505,-0.906922836,-0.608448953,179.738390213,-24.346363123,35.814390308,-0.187644968,0.336645022,0.003541801,-0.341254365,0.241306780,-0.726155707,42.804134957
324,5.405405405,-2.796241045,0.161189646,-0.472510785,-160.986657418,-17.657140677,-9.578201766,135.664603967,154.276838519,129.066262213,-2.811241328,-0.908125686,-0.614139637,179.580305540,-24.522675926,35.895621978,-0.187836085,0.338563257,0.002794549,-0.342400993,0.244830177,-0.727763980,42.848886512
325,5.422088755,-2.795064211,0.161639601,-0.476157099,-160.931420357,-17.798471100,-9.632472557,135.501018158,154.143882701,128.881518499,-2.810317171,-0.908055116,-0.620088128,179.484496396,-24.733843567,35.925856373,-0.187176227,0.341183415,0.002481214,-0.342528693,0.248787031,-0.728745807,42.882871136
326,5.438772105,-2.793215513,0.162486553,-0.480335027,-160.837589431,-17.958221342,-9.714185411,135.363014228,153.971111728,128.704513579,-2.808968243,-0.907074262,-0.626259855,179.426528080,-24.968690154,35.919666672,-0.185945051,0.344282890,0.002353269,-0.342048816,0.253074919,-0.729265051,42.902077196
327,5.455455455,-2.790691376,0.163241133,-0.484555036,-160.704121224,-18.120295579,-9.800978857,135.279121094,153.768606265,128.583732057,-2.807572955,-0.904701438,-0.631624085,179.425346313,-25.189572113,35.850028181,-0.184049583,0.347450996,0.002163626,-0.341015495,0.257084638,-0.728802719,42.867784127
328,5.472138805,-2.787378788,0.162791744,-0.488438159,-160.525789531,-18.277304834,-9.847363702,135.267933941,153.537678969,128.583017878,-2.806882165,-0.900053338,-0.635229062,179.490245626,-25.355616738,35.672551307,-0.181268658,0.350253699,0.001223801,-0.339747361,0.260306631,-0.726531636,42.703960479
329,5.488822155,-2.784384251,0.159944013,-0.491755366,-160.371095646,-18.428605862,-9.790170226,135.232597685,153.327441243,128.657314758,-2.807839450,-0.894682501,-0.637926591,179.513974886,-25.459834853,35.457440478,-0.178608958,0.352243427,-0.001254345,-0.339732442,0.262966293,-0.723378431,42.420021351
330,5.505505506,-2.782826424,0.155707613,-0.496526003,-160.313452768,-18.647350474,-9.668512878,134.950442211,153.141187929,128.545374168,-2.809664513,-0.892232231,-0.645076427,179.310270475,-25.662918303,35.392456154,-0.177518527,0.354859483,-0.004950019,-0.342161723,0.267966088,-0.722542453,42.195457619
331,5.522188856,-2.781319380,0.152671307,-0.502142429,-160.260009203,-18.891550234,-9.599906804,134.624236866,152.940380228,128.340419290,-2.810589821,-0.890759218,-0.653974557,179.081825144,-25.934204406,35.381329934,-0.176668721,0.358247301,-0.007978751,-0.344318466,0.273983092,-0.722728858,42.056335640
332,5.538872206,-2.779672384,0.149975389,-0.508018911,-160.199306229,-19.143967780,-9.548462177,134.299062979,152.728325245,128.122340009,-2.811219669,-0.889197333,-0.663164261,178.861256665,-26.221443333,35.369869635,-0.175746061,0.361881424,-0.010821303,-0.346243949,0.280218071,-0.722950475,41.928641119
333,5.555555556,-2.777328968,0.147162393,-0.513750374,-160.097686930,-19.392047523,-9.500317289,134.041701419,152.490150843,127.975508846,-2.811848018,-0.886108522,-0.671165244,178.708337317,-26.482550586,35.286759548,-0.174118187,0.365458283,-0.013714173,-0.347562932,0.285943556,-0.722042685,41.742045612
334,5.572238906,-2.774867058,0.142856240,-0.517942071,-159.987767256,-19.590093077,-9.383631020,133.878340497,152.279852360,127.984119491,-2.813668763,-0.881431815,-0.675943834,178.617627006,-26.626656108,35.115320779,-0.172090758,0.367754585,-0.017358889,-0.349020987,0.289768642,-0.719466676,41.437096396
335,5.588922256,-2.774037838,0.136886716,-0.520411015,-159.974244660,-19.730974331,-9.167424401,133.674755674,152.174920437,128.024743004,-2.817037042,-0.878364231,-0.679254836,178.445002457,-26.675863974,35.004099367,-0.171367940,0.368466488,-0.021853079,-0.352129439,0.292244233,-0.717415547,41.121165516
336,5.605605606,-2.774371147,0.130181566,-0.521765649,-160.028787080,-19.832034349,-8.898986132,133.441450294,152.143685226,128.068422015,-2.821199549,-0.876705169,-0.681779866,178.216124037,-26.670836129,34.948796366,-0.171616180,0.368201400,-0.026663087,-0.356228538,0.293900015,-0.715995271,40.824954475
337,5.622288956,-2.775505543,0.123129115,-0.522176683,-160.129061057,-19.897126128,-8.599913164,133.201680158,152.167960843,128.121412164,-2.825831014,-0.876037177,-0.683460761,177.959717854,-26.620604707,34.930703871,-0.172520256,0.367171942,-0.031548512,-0.360878423,0.294795802,-0.714992975,40.548906965
338,5.638972306,-2.777533770,0.116167955,-0.520960271,-160.274687986,-19.895581032,-8.282973631,133.002264317,152.268529199,128.212362786,-2.830762743,-0.876458417,-0.683151006,177.711102828,-26.492528862,34.945928452,-0.174089211,0.364985864,-0.036089384,-0.365715407,0.294185060,-0.714336366,40.308475264
339,5.655655656,-2.780308962,0.109525375,-0.517459273,-160.451548358,-19.799711334,-7.955947894,132.904776517,152.455129667,128.392976739,-2.835929022,-0.877522623,-0.679421635,177.521223129,-26.247335420,34.965307218,-0.176090133,0.361254554,-0.040014680,-0.370284377,0.291232125,-0.713555679,40.091616969
340,5.672339006,-2.783638239,0.103852689,-0.512798548,-160.650729584,-19.649728594,-7.655308003,132.858911410,152.694300382,128.585682048,-2.840690466,-0.879581413,-0.674188927,177.364088833,-25.956906646,35.016470474,-0.178522510,0.356866613,-0.043074913,-0.374435956,0.287164816,-0.713252933,39.938354208
341,5.689022356,-2.787217140,0.098670572,-0.507664382,-160.859797383,-19.476616126,-7.369809981,132.833885490,152.956303863,128.778910839,-2.845209036,-0.882135052,-0.668353586,177.221444498,-25.649489426,35.083942774,-0.181167610,0.352229089,-0.045715318,-0.378376645,0.282645188,-0.713213580,39.817125039
342,5.705705706,-2.790214062,0.093538687,-0.503091693,-161.037036929,-19.325705134,-7.097778370,132.818137838,153.181405546,128.978027012,-2.849524915,-0.883848516,-0.662859644,177.101037952,-25.364420191,35.117557099,-0.183332929,0.348030410,-0.048414733,-0.381978068,0.278515834,-0.712734092,39.671353321
343,5.722389056,-2.793166161,0.088205688,-0.500026643,-161.221278566,-19.235174231,-6.827563802,132.694240434,153.369383079,129.076743734,-2.853715753,-0.886121379,-0.660270820,176.900655974,-25.168239831,35.192742885,-0.185675946,0.344818606,-0.051507418,-0.386157466,0.276178471,-0.713032319,39.547682844
344,5.739072406,-2.795387268,0.082730755,-0.498639971,-161.372664402,-19.212564907,-6.570327321,132.507670493,153.487618145,129.117270926,-2.857660487,-0.887729723,-0.660093562,176.669515826,-25.058190364,35.255045610,-0.187536668,0.342771239,-0.054983113,-0.390377105,0.275532186,-0.713300420,39.407013204
345,5.755755756,-2.796660185,0.076885320,-0.499795496,-161.485076678,-19.294008478,-6.323593528,132.210833673,153.506311223,129.061294759,-2.861361135,-0.888544638,-0.663769182,176.374756497,-25.079680950,35.309096007,-0.188813542,0.342443963,-0.059147302,-0.394873752,0.277521545,-0.713661320,39.243343221
346,5.772439106,-2.797647238,0.070114970,-0.502872825,-161.598222824,-19.457369354,-6.052847122,131.782726597,153.466854691,128.911420282,-2.865321674,-0.889329838,-0.670902388,175.981323816,-25.201443613,35.384961409,-0.190068238,0.343270581,-0.064268082,-0.400272802,0.281715917,-0.714438765,39.062070742
347,5.789122456,-2.798323631,0.063775204,-0.507951736,-161.705001507,-19.696942085,-5.813612630,131.246321963,153.367358626,128.635174672,-2.868630337,-0.890500201,-0.681672379,175.517624077,-25.445068835,35.503993419,-0.191326778,0.345537848,-0.069439073,-0.405852840,0.288205578,-0.716071057,38.924895681
348,5.805805806,-2.799247980,0.057513800,-0.514511764,-161.838212003,-19.993071658,-5.581589730,130.587145667,153.242060044,128.233060271,-2.871599422,-0.892674531,-0.695755614,174.957839398,-25.785713461,35.691945111,-0.193068386,0.348789790,-0.074806034,-0.412049896,0.296642753,-0.718829581,38.838495398
349,5.822489156,-2.800217628,0.051067829,-0.521871030,-161.983665550,-20.320930165,-5.344397408,129.867845317,153.098051099,127.778260044,-2.874467133,-0.894972865,-0.711482584,174.351704345,-26.172645826,35.902212450,-0.194994389,0.352538232,-0.080430164,-0.418568461,0.306086862,-0.721889889,38.758992830
350,5.839172506,-2.800913572,0.044693537,-0.529364586,-162.116696699,-20.653624509,-5.112764048,129.168166481,152.938542051,127.339810358,-2.877168017,-0.896577776,-0.727062441,173.768373856,-26.560400589,36.088155099,-0.196698213,0.356406878,-0.086026382,-0.424782835,0.315539331,-0.724513910,38.661479765
351,5.855855856,-2.801129580,0.038499936,-0.536265790,-162.218978316,-20.962804367,-4.890177509,128.557933601,152.773541211,126.983036817,-2.879792186,-0.896922177,-0.740734669,173.265574876,-26.900908036,36.211180438,-0.197866445,0.359945946,-0.091400225,-0.430258351,0.323976975,-0.726103107,38.524181686
352,5.872539206,-2.801702738,0.033819426,-0.542144060,-162.327791349,-21.220674665,-4.719289540,128.018855440,152.648169797,126.635684959,-2.881593257,-0.898020944,-0.752946884,172.818875311,-27.207278028,36.358214908,-0.199275514,0.363027499,-0.095567272,-0.434876448,0.331395334,-0.728093980,38.456625823
353,5.889222556,-2.801920891,0.030121922,-0.546629727,-162.399920429,-21.418714666,-4.585874990,127.625725064,152.543317241,126.393861200,-2.883019999,-0.898304961,-0.761910416,172.496592962,-27.433002260,36.446360042,-0.200142994,0.365374194,-0.098833473,-0.438256547,0.336912641,-0.729209810,38.382660577
354,5.905905906,-2.802719831,0.026641522,-0.549491823,-162.494160464,-21.549457160,-4.445844030,127.296673323,152.501689323,126.207445097,-2.884637124,-0.899296346,-0.768605946,172.207841663,-27.579217125,36.545337367,-0.201345684,0.366621927,-0.101666522,-0.441535089,0.340844686,-0.730412703,38.331106988
355,5.922589256,-2.804351568,0.022770662,-0.550584435,-162.628318974,-21.609896227,-4.270502681,127.006032049,152.536752360,126.075596532,-2.886876167,-0.901281695,-0.773171583,171.921774942,-27.636972754,36.666754122,-0.203100794,0.366548084,-0.104448472,-0.445222753,0.343197066,-0.731817197,38.292936252
356,5.939272606,-2.806413651,0.018782554,-0.550870538,-162.783385935,-21.637405857,-4.081044840,126.728433826,152.608773498,125.961515510,-2.889347808,-0.903860002,-0.776893177,171.632523903,-27.657453642,36.805110592,-0.205160968,0.365878559,-0.107163253,-0.449112595,0.344887714,-0.733422220,38.268446583
357,5.955955956,-2.807919979,0.014363123,-0.551517963,-162.911561262,-21.683393277,-3.882407903,126.465493804,152.649910642,125.879338099,-2.892022678,-0.905338991,-0.780478663,171.365036762,-27.679830038,36.896264038,-0.206727930,0.365423761,-0.110237171,-0.452881695,0.346666172,-0.734298918,38.195323185
358,5.972639306,-2.808406830,0.010152077,-0.553228021,-162.986044353,-21.773448548,-3.709867672,126.224569345,152.624705010,125.810335451,-2.894346273,-0.905199773,-0.784530293,171.142377258,-27.740945484,36.925188941,-0.207456203,0.365800573,-0.113365746,-0.455988712,0.349049583,-0.734317899,38.078596745
359,5.989322656,-2.808071375,0.006750617,-0.555725574,-163.012024689,-21.892702000,-3.584464665,126.019617216,152.547901607,125.744139084,-2.895988947,-0.903938188,-0.788803063,170.974569260,-27.836819416,36.910889707,-0.207501327,0.366911678,-0.116094509,-0.458193944,0.351823691,-0.733811127,37.951564179
360,6.006006006,-2.807175875,0.004199022,-0.558764160,-163.002802165,-22.030392148,-3.503547608,125.845328151,152.435867799,125.673920235,-2.896972457,-0.901999747,-0.793220500,170.851316439,-27.960090080,36.871129720,-0.207084147,0.368577686,-0.118351049,-0.459621357,0.354861039,-0.733035302,37.829197636
361,6.022689356,-2.806274414,0.002094164,-0.561949670,-162.991419150,-22.171224049,-3.441759018,125.671399773,152.319927678,125.585886584,-2.897625278,-0.900205224,-0.797899338,170.732528336,-28.097210711,36.840646412,-0.206690462,0.370419284,-0.120331142,-0.460832889,0.358062926,-0.732442053,37.726283126
362,6.039372706,-2.805613518,0.000288885,-0.565246761,-162.993483353,-22.313589157,-3.389720125,125.475936211,152.210397322,125.464137091,-2.898036216,-0.898950124,-0.803162147,170.594523492,-28.250857290,36.838954455,-0.206558617,0.372366237,-0.122123309,-0.462092663,0.361554553,-0.732296528,37.652280478
363,6.056056056,-2.805002213,-0.001559653,-0.568319142,-162.997406680,-22.447235601,-3.334155157,125.290674789,152.108471149,125.354390625,-2.898523084,-0.897708672,-0.808051276,170.462568005,-28.391540783,36.834627233,-0.206443963,0.374151570,-0.123905862,-0.463352274,0.364800135,-0.732094993,37.576250813
364,6.072739406,-2.803851604,-0.003077185,-0.571338832,-162.966099360,-22.579339850,-3.299002911,125.162894214,151.987225228,125.288656698,-2.898836981,-0.895557859,-0.811953711,170.390049526,-28.518176671,36.783311255,-0.205789715,0.376006091,-0.125466928,-0.463986573,0.367601348,-0.731244732,37.476787280
365,6.089422756,-2.802529097,-0.004511921,-0.573342741,-162.915355146,-22.672196491,-3.265120841,125.117648798,151.885425702,125.302134889,-2.899361184,-0.892963803,-0.813638624,170.382351730,-28.581404194,36.691479466,-0.204802557,0.377212761,-0.126804169,-0.464202068,0.369071176,-0.729796359,37.357388382
366,6.106106106,-2.801640034,-0.006424156,-0.574442089,-162.887087684,-22.730695793,-3.201786920,125.083580204,151.823426171,125.346338001,-2.900398172,-0.890874871,-0.814299664,170.366385582,-28.597342830,36.610076575,-0.204099436,0.377695727,-0.128302845,-0.464811103,0.369763425,-0.728425079,37.237296138
367,6.122789456,-2.801753044,-0.008496310,-0.574261844,-162.909645698,-22.735570072,-3.113175868,125.042673597,151.832571980,125.390171169,2.899913330,0.889800493,0.813603372,170.316056704,-28.563452020,36.586513766,-0.204182917,0.377208700,-0.129671974,-0.465995762,0.369621351,-0.727843609,37.161485199
368,6.139472806,-2.802587032,-0.010068882,-0.572496116,-162.957813093,-22.672175818,-3.029215804,125.052614186,151.909846406,125.464306647,2.899481549,0.889987894,0.811060461,170.286234003,-28.462618781,36.596593669,-0.204723844,0.375686096,-0.130418912,-0.467100301,0.368091386,-0.727773685,37.133608633
369,6.156156156,-2.803494453,-0.010303132,-0.569850862,-162.991620166,-22.566128124,-2.996374890,125.141197050,152.012247878,125.562330992,2.900032597,0.891114578,0.807419696,170.322405693,-28.329073340,36.609909892,-0.205194745,0.373800894,-0.130109919,-0.467316954,0.365565410,-0.727884979,37.151832900
370,6.172839506,-2.804520845,-0.009349286,-0.566912532,-163.020286650,-22.441036548,-3.010266174,125.263654100,152.126524879,125.645660619,2.900978040,0.893126668,0.803704758,170.390184831,-28.196285647,36.642952414,-0.205737374,0.371914738,-0.128945325,-0.466899206,0.362766166,-0.728407752,37.219901777
371,6.189522856,-2.805499077,-0.007244639,-0.564613342,-163.042253557,-22.334298810,-3.075392217,125.372667802,152.222525782,125.668576879,2.901822706,0.895765415,0.801349825,170.459759069,-28.114172120,36.703865568,-0.206337192,0.370657796,-0.127112178,-0.465963383,0.360693412,-0.729475911,37.337644765
372,6.206206206,-2.805363178,-0.004606802,-0.563499868,-163.003218386,-22.275794628,-3.181922999,125.511785226,152.245476275,125.699960540,-2.901689846,-0.896588579,-0.799366095,170.586048480,-28.078302503,36.700059613,-0.206023895,0.370380247,-0.125142798,-0.464141488,0.359273033,-0.729688853,37.418424164
373,6.222889556,-2.804426670,-0.002121552,-0.564169526,-162.932459003,-22.291316574,-3.300058092,125.600128345,152.192255833,125.686816961,-2.899950296,-0.895783685,-0.799169517,170.696258369,-28.124113904,36.666642229,-0.205203623,0.371335740,-0.123594487,-0.462204781,0.359442586,-0.729497821,37.463897583
374,6.239572906,-2.803416252,-0.000843208,-0.566884756,-162.884126233,-22.394150040,-3.378073241,125.536122149,152.084189061,125.570588864,-2.898503553,-0.894798759,-0.802771240,170.688757718,-28.273178639,36.662013000,-0.204639133,0.373455923,-0.123210127,-0.461365493,0.362003844,-0.729642385,37.482826798
375,6.256256256,-2.802333832,-0.000893344,-0.571374834,-162.857188822,-22.574560775,-3.409699710,125.336224794,151.928099154,125.372754960,-2.897488247,-0.893508056,-0.809609027,170.575043676,-28.507116644,36.676052688,-0.204291869,0.376539201,-0.124026671,-0.461608325,0.366613587,-0.729945631,37.464868920
376,6.272939606,-2.800984383,-0.001163842,-0.576702595,-162.823382219,-22.790234347,-3.439362323,125.102214452,151.740250738,125.149828574,-2.896411175,-0.891726912,-0.817552639,170.443659621,-28.778939687,36.681478314,-0.203823106,0.380167917,-0.125139832,-0.461934178,0.372008939,-0.730105660,37.428090858
377,6.289622956,-2.799032927,-0.001451966,-0.582034826,-162.753842272,-23.009014108,-3.476362580,124.920891993,151.529188256,124.980335036,-2.895369042,-0.888795462,-0.824485120,170.368005179,-29.033336459,36.629463125,-0.202766684,0.383851538,-0.126278428,-0.461777568,0.376970861,-0.729426894,37.349175872
378,6.306306306,-2.797077656,-0.000962382,-0.586567342,-162.670913132,-23.191954414,-3.542645064,124.808106560,151.338460117,124.847533732,-2.894009024,-0.885984681,-0.829869026,170.348976573,-29.250215079,36.567335157,-0.201582836,0.387137613,-0.126755546,-0.460997282,0.380970298,-0.728675811,37.290589265
379,6.322989656,-2.795474529,0.000411671,-0.590171278,-162.593806124,-23.331632238,-3.637387924,124.743251734,151.184981487,124.726376604,-2.892274080,-0.883977280,-0.834050316,170.362198552,-29.433511826,36.526881211,-0.200600117,0.389925914,-0.126468975,-0.459789101,0.384109228,-0.728323150,37.278920509
380,6.339673006,-2.794079781,0.002770522,-0.593106389,-162.515144398,-23.438133595,-3.767806808,124.723572029,151.056665090,124.609946679,-2.890042347,-0.882594776,-0.837304546,170.410354239,-29.596112242,36.503327205,-0.199718038,0.392419506,-0.125397130,-0.458048919,0.386604073,-0.728319823,37.312455919
381,6.356356356,-2.792165518,0.005135182,-0.595669150,-162.401714556,-23.532306396,-3.904187501,124.770962347,150.918233761,124.560212725,-2.887930647,-0.880269073,-0.839070185,170.521010189,-29.723900369,36.424223676,-0.198261842,0.394714607,-0.124268023,-0.455829891,0.388324562,-0.727525923,37.310460156
382,6.373039706,-2.791211128,0.007650770,-0.598150909,-162.344362335,-23.617911289,-4.033614956,124.746124929,150.818508538,124.432027767,-2.885674994,-0.879675250,-0.842151251,170.554783503,-29.873695410,36.431854150,-0.197748310,0.396893819,-0.123002718,-0.454235347,0.390576390,-0.727982345,37.373561932
383,6.389723056,-2.791539192,0.009684305,-0.600849271,-162.370629113,-23.709200208,-4.126196874,124.591309951,150.761900188,124.193774740,-2.883594087,-0.881159378,-0.847562136,170.456112025,-30.062313843,36.552222872,-0.198545276,0.399015029,-0.122075424,-0.453910246,0.393903557,-0.729974240,37.498154710
384,6.406406406,-2.792584181,0.011029940,-0.603814244,-162.448529235,-23.811991966,-4.181092267,124.346598854,150.725206071,123.893996039,-2.881833257,-0.883635806,-0.854542183,170.267411066,-30.275648495,36.732298935,-0.200098865,0.401127265,-0.121645878,-0.454542723,0.398006964,-0.732713495,37.640587328
385,6.423089756,-2.793699741,0.012908537,-0.607749224,-162.534905014,-23.949039075,-4.261311257,124.047208621,150.665650479,123.517731947,-2.879423641,-0.886414658,-0.863380960,170.043414882,-30.552910505,36.947152405,-0.201896902,0.403969449,-0.121018611,-0.455102287,0.403283529,-0.735995492,37.814718799
386,6.439773106,-2.794520855,0.014863566,-0.611997008,-162.605763257,-24.099132860,-4.349929852,123.755861306,150.586315127,123.146374641,-2.876869029,-0.888650134,-0.872304290,169.834753790,-30.840919964,37.141997729,-0.203463719,0.407058593,-0.120398648,-0.455428809,0.408724408,-0.738982138,37.973652092
387,6.456456456,-2.794613838,0.016699921,-0.616396010,-162.634962889,-24.259099224,-4.444355822,123.515405213,150.475384902,122.830642540,-2.874391058,-0.889537377,-0.880316057,169.683248459,-31.115951366,37.270953138,-0.204341037,0.410295785,-0.119898843,-0.455274879,0.413829620,-0.741015276,38.081230655
388,6.473139806,-2.793802023,0.017810272,-0.620452225,-162.612407593,-24.414181482,-4.519840425,123.358629741,150.339447503,122.628127301,-2.872566658,-0.888591743,-0.886242382,169.612094373,-31.337145030,37.298704010,-0.204262252,0.413266697,-0.119849759,-0.454764211,0.417894534,-0.741542448,38.099261956
389,6.489823156,-2.792382717,0.018379463,-0.624409139,-162.556703720,-24.571441432,-4.581122304,123.248836540,150.183453313,122.494605797,-2.871183968,-0.886413313,-0.890997280,169.588500503,-31.528738851,37.260416759,-0.203565217,0.416138283,-0.120161846,-0.454070738,0.421404675,-0.741085699,38.055932592
390,6.506506507,-2.790835857,0.018223079,-0.628540516,-162.501138606,-24.740600233,-4.614738954,123.125321446,150.018002114,122.377093512,-2.870240157,-0.883749815,-0.895826939,169.554048711,-31.716623555,37.202273130,-0.202772971,0.419015016,-0.120997548,-0.453701260,0.425004689,-0.740259603,37.974831079
391,6.523189857,-2.788806915,0.017661383,-0.633107364,-162.423854696,-24.931523297,-4.640448748,123.008118251,149.823271306,122.282424984,-2.869481924,-0.880122556,-0.900635435,169.536893555,-31.910121360,37.102491883,-0.201584803,0.422161290,-0.122191495,-0.453264717,0.428746563,-0.738807839,37.848973557
392,6.539873207,-2.786884069,0.017382057,-0.637722909,-162.351257123,-25.122199068,-4.676901917,122.885464440,149.631278358,122.170755404,-2.868503882,-0.876748784,-0.905659967,169.516270773,-32.112135350,37.016210507,-0.200519577,0.425379783,-0.123200894,-0.452748614,0.432601206,-0.737577199,37.740142686
393,6.556556557,-2.785429239,0.017959047,-0.642399609,-162.300438911,-25.307807608,-4.742901986,122.738775754,149.455108766,121.999957240,-2.866881455,-0.874411580,-0.911466012,169.473284615,-32.340113836,36.984093668,-0.199942237,0.428740627,-0.123631099,-0.452093157,0.436826131,-0.737196069,37.692568721
394,6.573239907,-2.783820868,0.019057203,-0.647207499,-162.236942124,-25.495974329,-4.833974869,122.608348898,149.269963014,121.823901692,-2.864878536,-0.871974800,-0.917213878,169.452438086,-32.577284599,36.947086409,-0.199248308,0.432295189,-0.123733180,-0.451042905,0.441075175,-0.736815865,37.655795310
395,6.589923257,-2.781469822,0.020908264,-0.651664555,-162.117998199,-25.669061086,-4.967029908,122.574565895,149.067061786,121.713199191,-2.862543268,-0.868615550,-0.921202157,169.528765198,-32.785330624,36.848240806,-0.197767278,0.435823488,-0.123279686,-0.448984982,0.444430457,-0.735708787,37.604470517
396,6.606606607,-2.779591322,0.022004392,-0.655067146,-162.024835525,-25.803549177,-5.056875359,122.549219622,148.909076772,121.642084500,-2.860974074,-0.865805419,-0.924110227,169.587838635,-32.937656499,36.760184646,-0.196556295,0.438472942,-0.123149946,-0.447526245,0.446929771,-0.734654664,37.547227557
397,6.623289957,-2.779247999,0.021983577,-0.657456517,-162.026369513,-25.898587993,-5.071570624,122.437335793,148.833652185,121.530946792,-2.860302359,-0.865092767,-0.927598481,169.527185155,-33.058683979,36.771612148,-0.196667492,0.440096660,-0.123576027,-0.447623171,0.449313245,-0.734787748,37.530240886
398,6.639973307,-2.780637026,0.021727124,-0.658520818,-162.123915641,-25.935411495,-5.043683008,122.258680074,148.856246278,121.363311729,-2.860008138,-0.867115271,-0.931454722,169.360792720,-33.148384247,36.907954166,-0.198241666,0.440616415,-0.123902660,-0.448882029,0.451387438,-0.736567119,37.600389263
399,6.656656657,-2.781131029,0.021629173,-0.658589602,-162.155756982,-25.936442187,-5.032155025,122.212912648,148.872400798,121.321738987,-2.859999980,-0.867853790,-0.932313128,169.312966140,-33.163455012,36.951022718,-0.198742822,0.440593802,-0.123970857,-0.449291775,0.451790195,-0.737128288,37.624725990
400,6.673340007,-2.780268908,0.022898633,-0.658845901,-162.093799114,-25.942336363,-5.100328270,122.292851668,148.834592448,121.349082983,-2.859162452,-0.866927160,-0.931439527,169.407276218,-33.172043249,36.898903268,-0.197949013,0.441072786,-0.123170106,-0.448016722,0.451505913,-0.736607765,37.627524521
401,6.690023357,-2.778351068,0.024661331,-0.659804404,-161.969220326,-25.977228601,-5.208871779,122.426441562,148.739877685,121.409325285,-2.857885620,-0.864464134,-0.930170295,169.577972821,-33.198715250,36.774073892,-0.196248718,0.442214909,-0.122173962,-0.445822754,0.451302083,-0.735179258,37.591381705
402,6.706706707,-2.777131796,0.025770735,-0.661067128,-161.896221657,-26.024932592,-5.280325769,122.472943079,148.662438844,121.409607178,-2.856879022,-0.862850261,-0.930462559,169.661633955,-33.251183390,36.705988146,-0.195292660,0.443374772,-0.121658632,-0.444522124,0.451889873,-0.734416556,37.568966038
403,6.723390057,-2.776915312,0.026289858,-0.662590325,-161.892537806,-26.082086021,-5.312282171,122.412467642,148.614617483,121.327628723,-2.856089971,-0.862579672,-0.932667352,169.635637025,-33.335038660,36.720901008,-0.195373782,0.444501506,-0.121568695,-0.444283011,0.453405371,-0.734677732,37.579372027
404,6.740073407,-2.777074814,0.026343195,-0.663817167,-161.913387886,-26.128967451,-5.317327404,122.329964699,148.588143487,121.242987422,-2.855665098,-0.862748936,-0.934932872,169.577723188,-33.406054102,36.756366940,-0.195766480,0.445310996,-0.121737482,-0.444523701,0.454838299,-0.735147889,37.591453249
405,6.756756757,-2.777163982,0.026126865,-0.664666414,-161.928826906,-26.163143115,-5.310418639,122.269581126,148.568932022,121.191564155,-2.855542281,-0.862738645,-0.936469271,169.533800907,-33.451320280,36.775149280,-0.196015069,0.445829923,-0.122026683,-0.444815026,0.455814237,-0.735359422,37.588096445
406,6.773440107,-2.777222395,0.024353195,-0.664994836,-161.951630021,-26.187125969,-5.235802365,122.210690987,148.561810981,121.205874426,-2.856627437,-0.862164138,-0.937106627,169.476376597,-33.447184417,36.758950025,-0.196118916,0.445737310,-0.123285623,-0.445883691,0.456195514,-0.734887593,37.518884756
407,6.790123457,-2.776843548,0.021083461,-0.666115582,-161.968953030,-26.253664398,-5.108006440,122.111075785,148.517472412,121.241044682,-2.858520447,-0.860303308,-0.938416306,169.393372176,-33.455229429,36.695516163,-0.195930340,0.445960968,-0.125703569,-0.447584121,0.457139655,-0.733565204,37.364897299
408,6.806806807,-2.776219845,0.017831776,-0.668505371,-161.983685084,-26.370783720,-4.990028983,121.958173955,148.430873466,121.222157695,-2.860038758,-0.857952151,-0.941457537,169.285235135,-33.525784695,36.632288234,-0.195747460,0.447058524,-0.128329652,-0.449268571,0.459294420,-0.732232662,37.199272613
409,6.823490157,-2.775054693,0.015909921,-0.671447277,-161.958522605,-26.503536159,-4.939223091,121.843462225,148.310407868,121.186494013,-2.860550223,-0.855173594,-0.944589716,169.234397779,-33.629726132,36.550613831,-0.195149338,0.448810264,-0.130158125,-0.449906201,0.461695624,-0.730836841,37.057368982
410,6.840173507,-2.773194313,0.013158494,-0.673408747,-161.889260971,-26.606809623,-4.860026497,121.822829031,148.190466525,121.279109111,-2.861991390,-0.851120044,-0.945105905,169.259257204,-33.652905788,36.380525900,-0.193671903,0.449840684,-0.132400337,-0.450414434,0.462590876,-0.728159340,36.844698049
411,6.856856857,-2.771909237,0.012438519,-0.675686896,-161.839341423,-26.706672040,-4.859434171,121.779541884,148.083505243,121.265333233,-2.861908231,-0.848647255,-0.946961868,169.270517764,-33.733838901,36.295306090,-0.192839795,0.451371465,-0.133304060,-0.450219163,0.464206992,-0.726898073,36.744906078
412,6.873540207,-2.771746874,0.013038872,-0.677210212,-161.838528427,-26.763060175,-4.893989304,121.717850785,148.037515690,121.178792316,-2.861053224,-0.848449590,-0.949195730,169.244111310,-33.819056445,36.314188099,-0.192979937,0.452507156,-0.133157561,-0.449954233,0.465733125,-0.727217025,36.758925138
413,6.890223557,-2.772357464,0.013893493,-0.677904904,-161.874763130,-26.781677348,-4.923500506,121.647739048,148.041491796,121.073475570,-2.860201134,-0.849615526,-0.951198842,169.187317014,-33.882283888,36.390360509,-0.193724780,0.453051602,-0.132680699,-0.449971442,0.466867092,-0.728339883,36.825638338
414,6.906906907,-2.774208784,0.013989472,-0.677668869,-161.985577620,-26.762795751,-4.896914390,121.517152672,148.114819845,120.939307988,-2.860011760,-0.852516317,-0.953518638,169.039660737,-33.916774453,36.548163214,-0.195510391,0.452712055,-0.132534284,-0.451148766,0.467805918,-0.730440698,36.931076798
415,6.923590257,-2.777745008,0.014876246,-0.676239550,-162.180802003,-26.684065452,-4.872210305,121.335710501,148.280534202,120.722019949,-2.859457060,-0.858423159,-0.956422322,168.806611176,-33.940956194,36.845775147,-0.198734820,0.451534274,-0.131612046,-0.452897019,0.468601872,-0.734516501,37.162937797
416,6.940273607,-2.782002926,0.015859056,-0.672659099,-162.398281503,-26.517462590,-4.831794645,121.218162691,148.529086151,120.564930346,-2.859397337,-0.865747861,-0.956990122,168.587503025,-33.871306374,37.175374487,-0.202257701,0.448867803,-0.130246871,-0.454853213,0.467626753,-0.739067147,37.443319582
417,6.956956957,-2.786509991,0.017710771,-0.666765392,-162.600317924,-26.254409499,-4.815805649,121.227024522,148.848354737,120.498702145,-2.859426037,-0.874070069,-0.954205791,168.448141350,-33.696351391,37.503829496,-0.205594045,0.444792164,-0.127899488,-0.456248443,0.464372774,-0.743783388,37.777134778
418,6.973640307,-2.791049480,0.020080024,-0.660081029,-162.792403842,-25.957740404,-4.818873367,121.286555638,149.190152995,120.462148326,-2.859330813,-0.882736297,-0.950198489,168.345920653,-33.486829668,37.830193776,-0.208829778,0.440283572,-0.125071794,-0.457303626,0.460308628,-0.748573805,38.136461367
419,6.990323657,-2.795681238,0.022088779,-0.655361652,-163.012846435,-25.739884239,-4.813739008,121.214946303,149.482530857,120.309573068,-2.858810943,-0.891224349,-0.949706152,168.151844714,-33.383402389,38.193682211,-0.212539796,0.437014257,-0.122822704,-0.458885901,0.458513045,-0.753770429,38.490155500
420,7.007007007,-2.800773859,0.021513095,-0.652935266,-163.306579099,-25.624814590,-4.702296704,120.916226316,149.728442923,120.036051495,2.852190534,0.897114535,0.951690958,167.766946704,-33.387607487,38.601784833,-0.217121319,0.434780364,-0.122700866,-0.462528639,0.459681185,-0.759144943,38.770278079
421,7.023690357,-2.805106163,0.019118952,-0.653795719,-163.601469187,-25.651417511,-4.538758899,120.450685251,149.856993839,119.669667913,2.843908062,0.900164131,0.957534706,167.280640424,-33.530643017,38.973792860,-0.221552446,0.434493641,-0.124374161,-0.467038056,0.464041117,-0.763681437,38.934614394
422,7.040373707,-2.807815075,0.014717871,-0.656013787,-163.828820881,-25.749424476,-4.320265163,120.003070185,149.890164299,119.402415110,2.836850280,0.899785460,0.963044923,166.846011151,-33.676555284,39.192696629,-0.224619862,0.434928789,-0.127657862,-0.471642125,0.468693640,-0.765855653,38.919343820
423,7.057057057,-2.808509827,0.008867090,-0.657588661,-163.940890072,-25.840188952,-4.068759823,119.735505837,149.870362337,119.373716023,2.833144864,0.896458442,0.964641977,166.591160762,-33.708208837,39.195738619,-0.225572468,0.434897804,-0.131849415,-0.475536778,0.470995575,-0.765019144,38.723934434
424,7.073740407,-2.807909727,0.003662729,-0.657635331,-163.953377599,-25.874556060,-3.858622519,119.679133929,149.847864546,119.529657060,2.832712409,0.892543992,0.962426866,166.528848994,-33.625203305,39.065205427,-0.224967956,0.434100195,-0.135377245,-0.477996657,0.470528786,-0.762591029,38.479066918
425,7.090423757,-2.807823420,0.000900133,-0.657481909,-163.972694510,-25.884658068,-3.742856466,119.639174879,149.848986451,119.602439060,2.832206361,0.890768308,0.961263170,166.480389734,-33.578524457,39.014507083,-0.224846715,0.433534738,-0.137214891,-0.479450147,0.470275202,-0.761551728,38.364337105
426,7.107107107,-2.808538437,-0.001045004,-0.658295274,-164.043224306,-25.923239249,-3.652659867,119.491423145,149.851527927,119.534060479,2.829977700,0.890125217,0.962854842,166.338881000,-33.619919922,39.065287607,-0.225704285,0.433665839,-0.138644648,-0.481124119,0.471767660,-0.761910681,38.330646018
427,7.123790457,-2.809704065,-0.003449421,-0.659785509,-164.152846174,-25.987984925,-3.538399075,119.256624021,149.851035814,119.397305865,2.826447417,0.889502071,0.965938877,166.119147923,-33.706538376,39.162017594,-0.227136641,0.434118995,-0.140485413,-0.483442175,0.474395668,-0.762771168,38.306060853
428,7.140473807,-2.810884237,-0.004998873,-0.660351634,-164.245853270,-26.011964544,-3.456929584,119.090832327,149.876226451,119.294621616,2.823718309,0.889656941,0.967853237,165.952094310,-33.754115545,39.257131957,-0.228411019,0.434106037,-0.141594215,-0.485193299,0.476014696,-0.763765729,38.316697965
429,7.157157157,-2.812067270,-0.004657926,-0.659297943,-164.304085607,-25.962802998,-3.450086094,119.056004790,149.945882267,119.245814782,2.822532458,0.891410822,0.967799625,165.888491162,-33.737282417,39.352980494,-0.229383205,0.433346479,-0.141158927,-0.485725075,0.475836049,-0.765108014,38.402968429
430,7.173840507,-2.814874411,-0.003606732,-0.657039583,-164.442437656,-25.854267247,-3.445011088,118.963346645,150.104387354,119.110174071,2.819604520,0.895653819,0.968153331,165.732772513,-33.714433917,39.588615588,-0.231737458,0.431746611,-0.140004514,-0.486885206,0.475706910,-0.768422091,38.618104712
431,7.190523857,-2.820493460,-0.001231342,-0.655774951,-164.750271551,-25.761685301,-3.456899202,118.591557883,150.330815781,118.641585087,2.811620173,0.903390607,0.974219506,165.296929007,-33.855419766,40.122365541,-0.237065678,0.430742125,-0.138060132,-0.489423036,0.479240696,-0.775718379,39.061987633
432,7.207207207,-2.827900887,0.003449400,-0.656118572,-165.162335020,-25.709686624,-3.543798499,118.007057664,150.570384727,117.867281920,2.799999184,0.913816823,0.986199226,164.664731407,-34.181142239,40.890185386,-0.244473684,0.431006871,-0.134801783,-0.492142399,0.486482618,-0.786183713,39.716463617
433,7.223890557,-2.834481239,0.008409721,-0.656503677,-165.522252572,-25.663260014,-3.654388584,117.489018539,150.777709904,117.149033859,2.789612995,0.923360036,0.997556995,164.101788727,-34.494037995,41.593441909,-0.251078254,0.431427567,-0.131393638,-0.494141033,0.493316674,-0.795752127,40.339393922
434,7.240573907,-2.839900017,0.011810669,-0.656061709,-165.817520105,-25.599918299,-3.714425866,117.084254973,150.967616408,116.607690611,2.781199645,0.930909226,1.005762752,163.641150557,-34.707022274,42.155867611,-0.256376812,0.431157460,-0.128925875,-0.496112088,0.498292958,-0.803308074,40.832949904
435,7.257257257,-2.845047474,0.013545235,-0.655153215,-166.106734056,-25.528751647,-3.707664627,116.691417683,151.159991103,116.145852856,2.773010643,0.937223609,1.012551411,163.181594497,-34.867956743,42.664464370,-0.261313363,0.430326918,-0.127504775,-0.498776377,0.502630622,-0.809943243,41.246961021
436,7.273940607,-2.850025892,0.015545746,-0.654014766,-166.380856883,-25.448625336,-3.714137773,116.326564965,151.351989440,115.701520243,2.765208040,0.943536826,1.018999548,162.745647712,-35.018064737,43.161655730,-0.266042950,0.429409305,-0.125875140,-0.501172945,0.506695644,-0.816450634,41.666260388
437,7.290623957,-2.854262114,0.018874660,-0.651602507,-166.584871088,-25.317710234,-3.784005704,116.124138280,151.556330446,115.366378439,2.759722134,0.950375500,1.022847576,162.457082241,-35.090197542,43.590470867,-0.269813124,0.427960931,-0.123168482,-0.502255013,0.508630461,-0.822390342,42.099527685
438,7.307307307,-2.857553482,0.022930937,-0.648102164,-166.714320626,-25.147218974,-3.895496893,116.083305358,151.762251562,115.163765121,2.756700823,0.957170637,1.023795852,162.321332360,-35.076786906,43.922952221,-0.272459112,0.426023029,-0.119820986,-0.502222585,0.508337991,-0.827347152,42.506534344
439,7.323990657,-2.859802485,0.028563660,-0.643715084,-166.758881105,-24.941281448,-4.085325601,116.220957611,151.961816091,115.076457083,2.756442752,0.964313575,1.022165445,162.361818279,-34.994191199,44.163928190,-0.273935672,0.423879490,-0.115301874,-0.500556086,0.505874163,-0.831491792,42.914242051
440,7.340674007,-2.861262083,0.036594763,-0.638335049,-166.727704540,-24.690323278,-4.382732893,116.535845568,152.166802154,115.070330617,2.758755632,0.972592054,1.018370075,162.573838363,-34.855925440,44.348621700,-0.274495595,0.421571769,-0.109040099,-0.496984845,0.501366547,-0.835371630,43.375474586
441,7.357357357,-2.864457130,0.042289559,-0.632568955,-166.820229886,-24.427338838,-4.556563665,116.656744309,152.437144611,114.965088887,2.757468528,0.981145432,1.016102815,162.563577981,-34.735034320,44.664186087,-0.276699797,0.418445037,-0.104242647,-0.495934408,0.498405316,-0.840559090,43.862145418
442,7.374040707,-2.866755724,0.048701894,-0.627229571,-166.858904460,-24.182135390,-4.773447968,116.853023939,152.667756722,114.906471931,2.757715610,0.989174035,1.013253096,162.647349087,-34.611730143,44.909444749,-0.278123416,0.415808835,-0.099058530,-0.493891263,0.494913718,-0.844940629,44.318803847
443,7.390724057,-2.868962765,0.050602801,-0.623034596,-166.939016240,-24.002429040,-4.808980741,116.908681241,152.860094994,114.887723445,2.756472558,0.993877825,1.010726942,162.608713733,-34.489451482,45.090835740,-0.279600385,0.413172393,-0.097066092,-0.494250910,0.492599429,-0.847818020,44.568758073
444,7.407407407,-2.869503975,0.049575776,-0.621775329,-166.967901519,-23.956385617,-4.755888622,116.908415492,152.913166006,114.928839801,2.756017151,0.994173594,1.009263402,162.581195462,-34.426190056,45.105882825,-0.279898205,0.412125158,-0.097530565,-0.495105485,0.491725434,-0.847983226,44.563862927
445,7.424090757,-2.868419886,0.043977149,-0.620131135,-166.929570223,-23.923843142,-4.537375161,117.010692117,152.924044790,115.253970488,2.758068885,0.990231383,1.002936319,162.668243846,-34.211528806,44.870356338,-0.278447781,0.410218335,-0.100989269,-0.497090375,0.488317253,-0.844482240,44.238090784
446,7.440774107,-2.865655899,0.034350522,-0.619220853,-166.828570235,-23.946068325,-4.178540769,117.162053299,152.858785114,115.788513880,2.762021244,0.981930328,0.993763661,162.832425094,-33.916802134,44.412598917,-0.275420075,0.408274589,-0.107275765,-0.499983906,0.483739606,-0.837597976,43.616210152
447,7.457457457,-2.862731457,0.027780628,-0.620641351,-166.717432995,-24.045091131,-3.952903885,117.245933982,152.722244577,116.133945108,2.765299831,0.974580539,0.989213951,162.967847765,-33.792319203,44.036555831,-0.272698386,0.408380807,-0.111929685,-0.501368575,0.481910469,-0.831902066,43.121270685
448,7.474140807,-2.860504389,0.024344530,-0.621012568,-166.613958787,-24.086303701,-3.843508039,117.378789568,152.639135331,116.403573343,2.768548469,0.970173484,0.985098538,163.128363466,-33.678774674,43.763929895,-0.270523566,0.408260598,-0.114317071,-0.501540391,0.479730963,-0.827991014,42.814447468
449,7.490824157,-2.859344244,0.023958782,-0.618750274,-166.525075950,-24.006946951,-3.837864926,117.618575753,152.666561805,116.658422072,2.772163818,0.969513424,0.979314951,163.342956712,-33.497521187,43.597848108,-0.268973240,0.406827484,-0.114217878,-0.500645802,0.475676011,-0.826026029,42.713904162
450,7.507507508,-2.858683586,0.025071604,-0.613294542,-166.424175878,-23.795245583,-3.878122007,118.027634540,152.801502920,117.022654288,2.777324211,0.971212636,0.969447988,163.670420652,-33.171599281,43.442681904,-0.267377243,0.403506484,-0.112579132,-0.498986755,0.468352763,-0.824617739,42.708335390
451,7.524190858,-2.857596874,0.026056385,-0.606748819,-166.289269575,-23.543996191,-3.915290919,118.544698637,152.952580893,117.499849022,2.784094907,0.972613799,0.956921830,164.092677248,-32.762461765,43.217109568,-0.265179328,0.399486819,-0.110849715,-0.496887954,0.459190525,-0.822315257,42.659375266
452,7.540874208,-2.856152534,0.026157347,-0.601614177,-166.153785357,-23.352656426,-3.924280514,118.998919031,153.050261500,117.949490684,2.790464111,0.972571032,0.945860438,164.477675501,-32.408191384,42.966622487,-0.262870574,0.396272380,-0.109949338,-0.495078106,0.451313147,-0.819414572,42.544225110
453,7.557557558,-2.855263948,0.025971826,-0.598981321,-166.077492676,-23.256287103,-3.920893168,119.242895333,153.094861393,118.200585401,2.793985681,0.972198634,0.939859082,164.687147260,-32.217338711,42.818445437,-0.261540574,0.394596249,-0.109647928,-0.494136965,0.447106063,-0.817615639,42.462397803
454,7.574240908,-2.854709864,0.025011089,-0.598651290,-166.048535165,-23.250830474,-3.887882036,119.299080543,153.085322667,118.295130421,2.795060661,0.971094292,0.938119067,164.742057117,-32.163956912,42.740518460,-0.260926158,0.394268863,-0.110242814,-0.494166252,0.446083932,-0.816493451,42.379678054
455,7.590924258,-2.853851318,0.023675017,-0.598757088,-166.008130375,-23.265439838,-3.844839793,119.351229202,153.053173390,118.400620856,2.796317612,0.969318485,0.936531937,164.802280160,-32.119491259,42.635535768,-0.260080515,0.394192473,-0.111166357,-0.494213132,0.445263991,-0.814941896,42.260580413
456,7.607607608,-2.851910591,0.022704706,-0.598510981,-165.896293283,-23.269798718,-3.830421105,119.537425949,152.994514345,118.625155889,2.799964274,0.966684681,0.932729024,165.000759776,-32.018017138,42.420564024,-0.258105557,0.394047614,-0.111806214,-0.493165435,0.442858740,-0.812003452,42.077504415
457,7.624290958,-2.849658489,0.023756266,-0.597453713,-165.742349659,-23.234286083,-3.900965692,119.841698204,152.948176355,118.886424277,2.805241154,0.965138082,0.927659208,165.308704896,-31.884618347,42.189265927,-0.255702041,0.393740547,-0.110966096,-0.490680922,0.439182546,-0.809129708,41.955069574
458,7.640974308,-2.847819567,0.026596481,-0.595027685,-165.587259375,-23.134808653,-4.035126950,120.223761669,152.953994637,119.153594285,2.811140230,0.965435770,0.921427657,165.670179461,-31.710947526,41.997763679,-0.253494962,0.392796860,-0.108693334,-0.487364524,0.434319603,-0.807051542,41.932635679
459,7.657657658,-2.846733570,0.030362984,-0.591505289,-165.461467688,-22.984479228,-4.193319891,120.618649364,153.015817752,119.396473253,2.816648927,0.967343920,0.914736343,166.021112210,-31.513425670,41.871149785,-0.251864896,0.391217194,-0.105602844,-0.483971996,0.428920941,-0.805975857,41.998180602
460,7.674341008,-2.845811844,0.032604143,-0.587608218,-165.354814444,-22.826369344,-4.284835828,120.992842381,153.092619603,119.680037344,2.821801553,0.968505435,0.907179370,166.341819448,-31.279565735,41.727163872,-0.250325349,0.389115422,-0.103464486,-0.481437062,0.423213700,-0.804468290,42.006141835
461,7.691024358,-2.844755650,0.033093896,-0.584698439,-165.262277385,-22.715813528,-4.309159844,121.286171558,153.136298835,119.953153712,2.826096423,0.968164791,0.900611676,166.596470666,-31.075621704,41.563306140,-0.248800547,0.387377885,-0.102664018,-0.479854932,0.418566086,-0.802417433,41.932516925
462,7.707707708,-2.843587160,0.032568075,-0.583672345,-165.186907005,-22.683799091,-4.299578129,121.453151774,153.123495095,120.140773049,2.828956762,0.966672890,0.896883252,166.754910832,-30.965653034,41.415331749,-0.247465493,0.386718958,-0.102860855,-0.479019424,0.416126861,-0.800379839,41.818223333
463,7.724391058,-2.842179298,0.032140393,-0.584156454,-165.109354700,-22.710742264,-4.302456230,121.549723554,153.060767430,120.253935937,2.831139535,0.964683152,0.895486357,166.869574505,-30.938025780,41.280581171,-0.246143728,0.387094087,-0.103249633,-0.478192689,0.415327244,-0.798479489,41.701415343
464,7.741074408,-2.840905190,0.031937461,-0.584217012,-165.034549499,-22.719555669,-4.311326373,121.663918276,153.014310210,120.375734025,2.833435083,0.963060782,0.893627839,166.994037979,-30.893492067,41.153108007,-0.244887289,0.387215879,-0.103414902,-0.477284560,0.414152839,-0.796715960,41.601438304
465,7.757757758,-2.839193106,0.032609705,-0.583166301,-164.917287567,-22.682533526,-4.358087956,121.906091601,152.982938585,120.590001966,2.837592324,0.961657332,0.889438220,167.232377008,-30.779781511,40.970807298,-0.243022603,0.386792692,-0.102813568,-0.475367876,0.411213366,-0.794334087,41.500387870
466,7.774441108,-2.836926460,0.033759359,-0.580991030,-164.753610946,-22.601537011,-4.427690165,122.280523109,152.962206718,120.916950569,2.843750783,0.960047935,0.882623090,167.588503597,-30.587283356,40.715531704,-0.240428452,0.385757596,-0.101710333,-0.472544262,0.406399687,-0.791018961,41.371979404
467,7.791124458,-2.834695578,0.035320010,-0.578930020,-164.590310699,-22.522315777,-4.513906061,122.651616645,152.939009139,121.223891702,2.849849058,0.958668262,0.876215641,167.942982045,-30.409292666,40.473234357,-0.237895141,0.384862972,-0.100348603,-0.469536801,0.401809393,-0.787900159,41.264505255
468,7.807807808,-2.833000422,0.036369056,-0.577344298,-164.467265419,-22.461888411,-4.573559181,122.931849566,152.921326649,121.460844544,2.854463769,0.957500040,0.871297706,168.209627993,-30.271798333,40.286662546,-0.235966421,0.384145930,-0.099401175,-0.467310653,0.398325302,-0.785462674,41.176495449
469,7.824491158,-2.831836224,0.037462991,-0.575435281,-164.373394106,-22.386379799,-4.626637066,123.183668802,152.931081493,121.667800030,2.858365452,0.957018352,0.866585908,168.438714345,-30.134024351,40.144612257,-0.234513424,0.383173815,-0.098360757,-0.465420274,0.394944682,-0.783638678,41.124999031
470,7.841174508,-2.830052376,0.039282519,-0.573533833,-164.237257427,-22.309418405,-4.717622465,123.506634114,152.918144272,121.916149035,2.863575946,0.956209018,0.861237776,168.744063284,-29.986098285,39.954112504,-0.232457794,0.382384975,-0.096841741,-0.462634232,0.391047859,-0.781208174,41.061021794
471,7.857857858,-2.827484846,0.043018330,-0.571662009,-164.040922931,-22.225536496,-4.897669513,123.936165247,152.876260199,122.192864238,-2.866002568,-0.954070289,-0.854058677,169.164439411,-29.840706403,39.719672088,-0.229658704,0.382011120,-0.094048014,-0.458193109,0.386565157,-0.778362890,41.026484353
472,7.874541208,-2.824374676,0.047777303,-0.570957422,-163.814723583,-22.182582112,-5.131565563,124.357921809,152.783449163,122.419668536,-2.863532874,-0.950067073,-0.847080516,169.601752623,-29.762797755,39.479987653,-0.226531226,0.382633291,-0.090765972,-0.453004682,0.383129479,-0.775539974,41.012336733
473,7.891224558,-2.821716309,0.051354643,-0.570953548,-163.629916940,-22.171339853,-5.313886905,124.668424728,152.687630353,122.583112691,-2.861533308,-0.946530661,-0.842357511,169.934713257,-29.727060648,39.283810657,-0.223951977,0.383478955,-0.088387942,-0.448956358,0.380977143,-0.773186397,40.986627591
474,7.907907908,-2.819610596,0.053291801,-0.571663857,-163.495356052,-22.195127022,-5.424617658,124.850191834,152.592169222,122.684622021,-2.860313927,-0.943488942,-0.840020666,170.144788600,-29.730170831,39.132648781,-0.222011312,0.384470293,-0.087226902,-0.446376072,0.380163702,-0.771281184,40.934629149
475,7.924591258,-2.818649769,0.055218287,-0.572301388,-163.429317698,-22.212032164,-5.519418112,124.931872388,152.541101422,122.687272734,-2.858978851,-0.942507901,-0.839597368,170.246939580,-29.764416202,39.088931078,-0.221196170,0.385308724,-0.086047498,-0.444717532,0.380195709,-0.770892516,40.961523287
476,7.941274608,-2.818250895,0.058535285,-0.572438359,-163.383988754,-22.199242091,-5.661693561,125.020491785,152.525160870,122.640758557,-2.856805941,-0.942992698,-0.839253017,170.346891188,-29.804970503,39.109307416,-0.220885235,0.386000909,-0.083839891,-0.442678757,0.380090468,-0.771566541,41.085664545
477,7.957957958,-2.818016052,0.063837416,-0.571800888,-163.329801237,-22.143871205,-5.879827979,125.180305533,152.537406126,122.584870305,-2.853528952,-0.944421173,-0.837787906,170.507512308,-29.831624460,39.159527279,-0.220655638,0.386501765,-0.080161034,-0.439572014,0.379208205,-0.772884821,41.305097342
478,7.974641308,-2.817432404,0.068822458,-0.570440650,-163.251987408,-22.063062500,-6.086209913,125.411859497,152.555614619,122.613245857,-2.850701688,-0.945044451,-0.834338972,170.728710558,-29.800916905,39.154044352,-0.219964223,0.386499767,-0.076575168,-0.436201300,0.377173631,-0.773369705,41.480481529
479,7.991324658,-2.816038847,0.072358757,-0.568935812,-163.134269525,-21.987403768,-6.243203526,125.699186524,152.546085772,122.755378173,-2.848943648,-0.943661067,-0.829177219,171.005110297,-29.717946521,39.044063170,-0.218419328,0.386228092,-0.073945837,-0.432897047,0.374315500,-0.772201347,41.532422178
480,8.008008008,-2.813473701,0.074569665,-0.567670345,-162.956498694,-21.932148015,-6.362562878,126.051732375,152.484734580,123.015253284,-2.848079202,-0.939688374,-0.822462027,171.354884155,-29.597213305,38.807282021,-0.215722379,0.385995474,-0.072257138,-0.429376089,0.370853786,-0.769074912,41.444842379
481,8.024691358,-2.810507774,0.077345841,-0.566823602,-162.754404447,-21.890556107,-6.512351722,126.421357129,152.397328736,123.268566018,-2.846724174,-0.935242079,-0.815985284,171.732069139,-29.499042516,38.554302047,-0.212711080,0.386173492,-0.070258385,-0.425324306,0.367665254,-0.765777445,41.361808657
482,8.041374708,-2.807343960,0.081380300,-0.566109061,-162.533987432,-21.846353838,-6.716996236,126.820231210,152.299707344,123.499339728,-2.844478494,-0.930925885,-0.809598614,172.144245208,-29.422345033,38.309495655,-0.209560044,0.386671838,-0.067429875,-0.420487428,0.364581122,-0.762732950,41.327692036
483,8.058058058,-2.804039001,0.085956641,-0.565715730,-162.304603988,-21.810952922,-6.947337760,127.217555945,152.188545006,123.705899420,-2.841756643,-0.926620615,-0.803743050,172.562310140,-29.370482175,38.071263401,-0.206340676,0.387489773,-0.064285798,-0.415331764,0.361865805,-0.759845623,41.315899648
484,8.074741408,-2.801584721,0.089924611,-0.565152407,-162.129418898,-21.769841763,-7.140402199,127.538581842,152.113302732,123.861711152,-2.839402151,-0.923606875,-0.798992658,172.895085180,-29.325350390,37.898780888,-0.203926957,0.388013773,-0.061515586,-0.411148414,0.359583423,-0.757816773,41.333005627
485,8.091424758,-2.799808979,0.093250453,-0.563988328,-161.995176142,-21.707111448,-7.294846340,127.827412139,152.078473019,124.012235331,-2.837574227,-0.921468877,-0.794197681,173.179808061,-29.255184256,37.763187617,-0.202075718,0.387965609,-0.059071321,-0.407709321,0.357064882,-0.756213312,41.359140594
486,8.108108108,-2.798082113,0.096117377,-0.562664568,-161.865842081,-21.640584204,-7.428880672,128.113696671,152.048758014,124.178890452,-2.836068485,-0.919204641,-0.789198251,173.457698911,-29.171326498,37.620413155,-0.200236958,0.387727664,-0.056908001,-0.404507753,0.354406375,-0.754439242,41.365200778
487,8.124791458,-2.796570063,0.100005604,-0.561111391,-161.742645376,-21.557618093,-7.600457544,128.413805671,152.034349369,124.317746309,-2.833926253,-0.917674821,-0.784180316,173.746469884,-29.094217546,37.509981681,-0.198610178,0.387490734,-0.054010681,-0.400894892,0.351652640,-0.753230415,41.432877308
488,8.141474808,-2.794329405,0.104435302,-0.560924888,-161.582213004,-21.525981694,-7.811151321,128.694872773,151.957842484,124.414118806,-2.831089418,-0.915324681,-0.780718922,174.045841150,-29.087467633,37.379264558,-0.196501580,0.388325508,-0.050979815,-0.396743375,0.350095189,-0.751852249,41.497139141
489,8.158158158,-2.792773724,0.108414277,-0.561205268,-161.468952116,-21.513888511,-7.996596053,128.877707074,151.895834514,124.431544427,-2.828417541,-0.914154317,-0.779165692,174.251050965,-29.120095286,37.316401849,-0.195137708,0.389333692,-0.048331302,-0.393499480,0.349531679,-0.751423984,41.592758935
490,8.174841508,-2.791522980,0.112232447,-0.561064720,-161.372551312,-21.485413444,-8.169029553,129.058767649,151.856194417,124.454124125,-2.825944771,-0.913395042,-0.777285023,174.444983455,-29.133764520,37.268090086,-0.194008277,0.390005380,-0.045717444,-0.390486783,0.348666337,-0.751166215,41.696624345
491,8.191524858,-2.790416718,0.117763855,-0.560565889,-161.274207362,-21.430901918,-8.407463740,129.279634678,151.834115553,124.446399422,-2.822426698,-0.913523673,-0.775058161,174.675592997,-29.154118346,37.255569556,-0.193033019,0.390716544,-0.041877803,-0.386628743,0.347503167,-0.751605580,41.892135198
492,8.208208208,-2.788956642,0.123690166,-0.559631228,-161.150767702,-21.356738005,-8.664270706,129.564753308,151.809965867,124.485948316,-2.818743619,-0.913096060,-0.771562309,174.965279318,-29.146253915,37.207852219,-0.191662012,0.391235561,-0.037692100,-0.382180649,0.345634259,-0.751558646,42.080763287
493,8.224891558,-2.787538767,0.128789559,-0.559152782,-161.037662932,-21.305607334,-8.889113579,129.801193074,151.774970789,124.510608801,-2.815488046,-0.912529203,-0.768963773,175.212472043,-29.155348042,37.161847926,-0.190382688,0.391914908,-0.034143793,-0.378308304,0.344328633,-0.751465049,42.238868033
494,8.241574908,-2.786309004,0.132441252,-0.558927953,-160.944916407,-21.273676248,-9.053671638,129.980113245,151.738653894,124.537344643,-2.813120480,-0.911776619,-0.767041303,175.402397213,-29.164065393,37.113295831,-0.189277512,0.392499958,-0.031620895,-0.375393678,0.343417311,-0.751180248,42.340794166
495,8.258258258,-2.785337925,0.135475203,-0.557692707,-160.864975012,-21.205490328,-9.183635999,130.193366471,151.736472566,124.624171473,-2.811392301,-0.910994122,-0.763581720,175.605328009,-29.111127580,37.050058056,-0.188245846,0.392278964,-0.029342469,-0.372752317,0.341466339,-0.750545965,42.415478385
496,8.274941608,-2.784121037,0.139372587,-0.554494679,-160.755348535,-21.053915487,-9.340610473,130.571287858,151.774492214,124.839640094,-2.809527314,-0.909622944,-0.756206082,175.940241990,-28.949297079,36.928558887,-0.186700623,0.390911703,-0.026134998,-0.368970548,0.337099675,-0.749032842,42.491633003
497,8.291624958,-2.782455683,0.143804237,-0.550112903,-160.610779453,-20.851906910,-9.518035461,131.074553181,151.824245364,125.157440721,-2.807528739,-0.907291548,-0.746078780,176.382221863,-28.715114192,36.744224331,-0.184556382,0.388880777,-0.022353940,-0.364225626,0.331126697,-0.746561755,42.548193665
498,8.308308308,-2.781052113,0.147005349,-0.545841277,-160.489160393,-20.662001989,-9.641857500,131.529450563,151.878496706,125.477816822,-2.806280193,-0.904856185,-0.736456829,176.773326785,-28.476232143,36.561725977,-0.182643342,0.386687324,-0.019426907,-0.360315220,0.325428251,-0.743946041,42.557893382
499,8.324991658,-2.780301094,0.148676261,-0.542735696,-160.420250973,-20.528060224,-9.701233012,131.827872406,151.926950084,125.705933700,-2.805792227,-0.903241866,-0.729781271,177.022329613,-28.299265162,36.439696511,-0.181494349,0.384954794,-0.017745774,-0.358005034,0.321426261,-0.742103060,42.547021388
500,8.341675008,-2.779709339,0.150187522,-0.539838076,-160.363067956,-20.403231874,-9.753023273,132.097141593,151.976152536,125.911780968,-2.805358612,-0.901874508,-0.723691902,177.244805697,-28.135734358,36.333947970,-0.180531484,0.383319341,-0.016209757,-0.355949007,0.317751996,-0.740482025,42.540404182
501,8.358358358,-2.778593302,0.153063551,-0.537256718,-160.271171644,-20.281605597,-9.868970180,132.410716370,151.999124303,126.104618478,-2.803918622,-0.900204037,-0.717622717,177.523174923,-27.998872783,36.216281800,-0.179165196,0.382175196,-0.013794784,-0.352852722,0.314214934,-0.738855760,42.575234225
502,8.375041708,-2.775461435,0.156518474,-0.535189748,-160.059542397,-20.176978052,-10.038286278,132.863763082,151.928179655,126.408361240,-2.801813391,-0.895231978,-0.710072320,177.960408512,-27.859026390,35.945227127,-0.175909423,0.381653855,-0.011055123,-0.347939484,0.310347826,-0.735072049,42.516192024
503,8.391725058,-2.771473408,0.159855112,-0.533976555,-159.802069832,-20.106647524,-10.219355356,133.323892650,151.800513988,126.721710132,-2.799494083,-0.888937861,-0.703205254,178.423332065,-27.753421579,35.622477743,-0.171932585,0.381761766,-0.008531959,-0.342628315,0.307168202,-0.730581062,42.410821241
504,8.408408408,-2.767395258,0.162371561,-0.534132779,-159.549419075,-20.095844596,-10.377087770,133.681200279,151.633939592,126.965461638,-2.797398224,-0.882649804,-0.698886662,178.806852562,-27.718895525,35.317991661,-0.168036504,0.382660079,-0.006801551,-0.338068634,0.305626211,-0.726399194,42.282398223
505,8.425091758,-2.764122486,0.164057523,-0.534548938,-159.349375401,-20.100738145,-10.492164173,133.940198175,151.492146718,127.146874530,-2.795852777,-0.877594990,-0.696042511,179.091366260,-27.705842999,35.077357064,-0.164938561,0.383520933,-0.005688967,-0.334674846,0.304783633,-0.723092984,42.168604877
506,8.441775108,-2.760832071,0.164200768,-0.534132242,-159.149699184,-20.083589292,-10.539452605,134.230140042,151.364745227,127.422814362,-2.795426687,-0.871522388,-0.691644208,179.386280061,-27.623870781,34.782413882,-0.161617039,0.383557661,-0.005483431,-0.331802980,0.303027004,-0.718718125,41.957970315
507,8.458458458,-2.757829905,0.163739428,-0.532362759,-158.962950544,-20.016946009,-10.549159406,134.577491804,151.278540888,127.781874909,-2.795623379,-0.865171287,-0.685155376,179.709064252,-27.461365706,34.462906636,-0.158344413,0.382550350,-0.005457537,-0.329068900,0.299906521,-0.713751384,41.710027647
508,8.475141808,-2.756639481,0.164109156,-0.529737473,-158.877862997,-19.909773168,-10.562343331,134.854835440,151.289734575,128.040975654,-2.795636348,-0.862103529,-0.679143229,179.940860073,-27.292481457,34.291236003,-0.156783926,0.380944358,-0.004732164,-0.327115986,0.296519400,-0.710951100,41.605434234
509,8.491825158,-2.756520987,0.165974572,-0.526636600,-158.849826282,-19.772335200,-10.618576948,135.106338704,151.360592615,128.214916311,-2.794890740,-0.861418845,-0.673482150,-179.861458520,-27.134407539,34.226418324,-0.156295682,0.379177594,-0.002910871,-0.325118536,0.292984343,-0.709836043,41.638733826
510,8.508508509,-2.756819010,0.168581828,-0.523063838,-158.842518762,-19.610536802,-10.696032380,135.370774082,151.461658270,128.372117703,-2.793787223,-0.861586017,-0.667423615,-179.658901067,-26.965337482,34.197070586,-0.156193653,0.377181850,-0.000503645,-0.322925431,0.289056629,-0.709262424,41.728133891
511,8.525191859,-2.757099867,0.170356914,-0.518143833,-158.831357322,-19.401328876,-10.730608030,135.717477616,151.590330747,128.646033340,-2.793402504,-0.860688221,-0.658797047,-179.402513147,-26.704198303,34.107848465,-0.155836519,0.374132885,0.001570293,-0.320682469,0.283582353,-0.707516188,41.743038103
512,8.541875209,-2.757627964,0.170296475,-0.511772454,-158.834801511,-19.148108734,-10.677522084,136.119155076,151.757081425,129.051563542,-2.794411989,-0.858626664,-0.647575665,-179.125550128,-26.334300816,33.956208684,-0.155422412,0.369764550,0.002639219,-0.319037408,0.276517091,-0.704409906,41.640578538
513,8.558558559,-2.758805990,0.168402150,-0.504050434,-158.877105451,-18.854950666,-10.532611397,136.540149968,151.976481676,129.553957230,-2.796830927,-0.856100828,-0.634286630,-178.862678957,-25.866788239,33.777170400,-0.155374464,0.364111003,0.002681309,-0.318309542,0.268084910,-0.700458661,41.444865416
514,8.575241909,-2.761005640,0.165685043,-0.496044934,-158.981766324,-18.556821353,-10.339987624,136.894410816,152.243403986,130.026128452,-2.799920365,-0.854760235,-0.621281895,-178.676306232,-25.383872796,33.654660688,-0.156277944,0.358039687,0.002197002,-0.318643728,0.259589565,-0.697178548,41.256387419
515,8.591925259,-2.763241291,0.163552657,-0.488123745,-159.087389952,-18.257659056,-10.171887223,137.254890988,152.511001059,130.480269509,-2.802562431,-0.853604585,-0.608362911,-178.479119000,-24.911245762,33.543424427,-0.157281519,0.352125910,0.002097681,-0.318657990,0.251146593,-0.694100023,41.095851259
516,8.608608609,-2.765045881,0.162034169,-0.479757994,-159.164070940,-17.936178156,-10.031479960,137.697107936,152.770542368,130.989610766,-2.804700268,-0.851431705,-0.594078481,-178.205086407,-24.409849159,33.385497415,-0.157848803,0.346053910,0.002501419,-0.317744410,0.242013588,-0.690256131,40.920041630
517,8.625291959,-2.766186714,0.161070615,-0.470606416,-159.197166802,-17.579222443,-9.916478245,138.264975535,153.018468519,131.600018689,-2.806323799,-0.847467998,-0.577549791,-177.817424535,-23.854023747,33.145999672,-0.157702302,0.339598435,0.003430425,-0.315572699,0.231741794,-0.685022633,40.698156152
518,8.641975309,-2.766740322,0.159971267,-0.461456925,-159.196644871,-17.223205583,-9.803021566,138.884587065,153.238278500,132.266340364,-2.807780996,-0.841960312,-0.560338345,-177.378329449,-23.283850981,32.844243568,-0.156991494,0.333165373,0.004273710,-0.312831033,0.221290735,-0.678720970,40.416470652
519,8.658658659,-2.767786026,0.157642722,-0.453600168,-159.234069810,-16.927785303,-9.643275913,139.356611341,153.447337034,132.836949344,-2.809922596,-0.837439333,-0.545869866,-177.066813137,-22.780557864,32.600159211,-0.156899859,0.327358580,0.004043520,-0.311525447,0.212435797,-0.673328286,40.127492134
520,8.675342009,-2.768959045,0.154093266,-0.446771532,-159.286292528,-16.682220066,-9.440242280,139.726590251,153.636093024,133.356112173,-2.812722111,-0.833141397,-0.533322325,-176.842107866,-22.323688329,32.375823293,-0.157025279,0.322029528,0.002796798,-0.311277747,0.204778724,-0.668249940,39.804033421
521,8.692025359,-2.770475149,0.150180310,-0.439687073,-159.358860825,-16.429111389,-9.217383285,140.088425528,153.844116241,133.882786312,-2.815759140,-0.828978393,-0.520445850,-176.631893117,-21.848175446,32.159321467,-0.157461408,0.316440046,0.001342267,-0.311302511,0.196872576,-0.663164585,39.469130553
522,8.708708709,-2.771669626,0.147391394,-0.431681573,-159.406378858,-16.131024718,-9.037433955,140.570689318,154.058795784,134.482692537,-2.817936114,-0.823718140,-0.505463751,-176.315756685,-21.322746229,31.894806096,-0.157538165,0.310443222,0.000821597,-0.309974840,0.187803088,-0.657196007,39.133592485
523,8.725392059,-2.772842169,0.146105960,-0.423418075,-159.448379960,-15.811738430,-8.916760618,141.106898416,154.280136141,135.074445170,-2.819054195,-0.818577960,-0.489958334,-175.945617363,-20.797489976,31.639441732,-0.157653640,0.304532240,0.001374044,-0.307645664,0.178403265,-0.651383241,38.857656203
524,8.742075409,-2.773462534,0.144997105,-0.416448116,-159.462604648,-15.542541365,-8.818023045,141.593092818,154.448683379,135.607675304,-2.819816857,-0.813243361,-0.476510170,-175.600942308,-20.346868201,31.385644002,-0.157399752,0.299567548,0.001827627,-0.305276238,0.170403269,-0.645804597,38.589116933
525,8.758758759,-2.774211168,0.143130749,-0.410347134,-159.489514708,-15.313425769,-8.693548174,141.992384253,154.602544277,136.085463339,-2.821017793,-0.808407606,-0.464778110,-175.329255937,-19.941122508,31.159453158,-0.157354060,0.295053220,0.001609782,-0.303741802,0.163432144,-0.640728394,38.313337194
526,8.775442109,-2.774714231,0.140563011,-0.403870583,-159.502494295,-15.074359947,-8.540942716,142.433283411,154.750005539,136.633198885,-2.822487496,-0.802227949,-0.452012685,-175.027814103,-19.497414855,30.878409172,-0.157002724,0.290178780,0.000981222,-0.302068818,0.155996647,-0.634584823,37.961689359
527,8.792125459,-2.775169134,0.137807861,-0.396418095,-159.510002306,-14.797779410,-8.374669377,142.958996553,154.912989784,137.273340635,-2.823902831,-0.794699009,-0.437205503,-174.663547114,-18.986066979,30.542210825,-0.156502015,0.284611140,0.000395720,-0.299836117,0.147437923,-0.627260622,37.550022268
528,8.808808809,-2.776040554,0.134732887,-0.388322502,-159.540831861,-14.497969978,-8.187161466,143.506995830,155.105806212,137.949747778,-2.825461516,-0.786949384,-0.421317434,-174.291661203,-18.430903681,30.200360396,-0.156352108,0.278523883,-0.000301077,-0.297649909,0.138190185,-0.619591341,37.113772944
529,8.825492159,-2.776875496,0.130919755,-0.380176097,-159.571271992,-14.201405923,-7.970246557,144.056855994,155.294557126,138.658271157,-2.827304894,-0.778424562,-0.405181026,-173.924098428,-17.859586163,29.831433034,-0.156152708,0.272276398,-0.001493176,-0.295631281,0.128897763,-0.611329134,36.621742615
530,8.842175509,-2.778129101,0.127012342,-0.371674448,-159.625585933,-13.891387325,-7.743479819,144.611409201,155.508105237,139.376082164,-2.829140669,-0.769998234,-0.388508506,-173.559810340,-17.264625097,29.471743133,-0.156354740,0.265745831,-0.002692400,-0.293671844,0.119227651,-0.603032501,36.126572215
531,8.858858859,-2.780397177,0.123176977,-0.363219947,-159.739504872,-13.582749432,-7.511227510,145.096405587,155.767873967,140.023095032,-2.831111055,-0.763408553,-0.372418259,-173.260255878,-16.678417274,29.192695289,-0.157602175,0.259202529,-0.003861589,-0.292426086,0.109623592,-0.595974359,35.696529818
532,8.875542209,-2.782774687,0.119491987,-0.354269415,-159.858166584,-13.253188624,-7.281554354,145.628402489,156.041300672,140.710876571,-2.832791129,-0.756162724,-0.355249479,-172.924299146,-16.057377573,28.891940415,-0.158942721,0.252346203,-0.004841811,-0.290734806,0.099417221,-0.588353934,35.246165081
533,8.892225559,-2.785165310,0.115217231,-0.344404995,-159.976263717,-12.891335355,-7.022933752,146.240657324,156.329499179,141.502913993,-2.834478447,-0.747130929,-0.336020849,-172.532366997,-15.362398587,28.524509284,-0.160217097,0.244770792,-0.006064616,-0.288571178,0.088140177,-0.579240271,34.705770564
534,8.908908909,-2.787376165,0.110000856,-0.333198041,-160.082102130,-12.482578913,-6.720124648,146.983455424,156.629288977,142.463566039,-2.836137574,-0.735024176,-0.313719374,-172.048240632,-14.557467425,28.041408699,-0.161191987,0.236134267,-0.007693229,-0.285583529,0.075333267,-0.567635474,34.015226569
535,8.925592259,-2.789488316,0.105011918,-0.320530385,-160.178036387,-12.014032555,-6.418475192,147.888310078,156.947326411,143.576480003,-2.836925249,-0.720064138,-0.288252381,-171.439790241,-13.648179222,27.457669092,-0.161995087,0.226553386,-0.008910115,-0.281075443,0.060894930,-0.553762646,33.226821629
536,8.942275609,-2.791055441,0.101056904,-0.306735963,-160.238047552,-11.493460470,-6.155785050,148.978262952,157.254885164,144.831010464,-2.836111366,-0.701787271,-0.260270906,-170.679308239,-12.663679668,26.760463867,-0.162250689,0.216414729,-0.009219541,-0.274382544,0.045321288,-0.537490609,32.359068702
537,8.958958959,-2.792433739,0.098441042,-0.293889165,-160.288519355,-11.001235248,-5.954980208,150.041840636,157.533463922,146.003842234,-2.834186503,-0.684026047,-0.234288176,-169.926501988,-11.752194596,26.098111101,-0.162497786,0.207162429,-0.008778795,-0.267149096,0.030957794,-0.521946790,31.569325720
538,8.975642309,-2.793670177,0.095027007,-0.283133417,-160.338571664,-10.597592229,-5.737810461,150.922182823,157.764274182,147.025840240,-2.832933955,-0.668057214,-0.212488232,-169.318853346,-10.968862528,25.509430474,-0.162789566,0.199201799,-0.009245551,-0.261452537,0.019057910,-0.508108205,30.825831473
539,8.992325659,-2.795170784,0.089746296,-0.273965359,-160.411512406,-10.269803953,-5.455459127,151.611798278,157.976660286,147.933798965,-2.833132721,-0.653845410,-0.193801257,-168.875234932,-10.268773322,24.988267200,-0.163445154,0.191988843,-0.011264154,-0.257899198,0.008935647,-0.495712845,30.082309391
540,9.009009009,-2.796158314,0.083381750,-0.265157938,-160.457746903,-9.963676215,-5.136183900,152.292489613,158.153099810,148.876369012,-2.833608304,-0.638241997,-0.175696256,-168.448017193,-9.577599064,24.415903305,-0.163618658,0.184855547,-0.014079315,-0.254546472,-0.000569911,-0.482441770,29.253909297
541,9.025692359,-2.796970844,0.077824414,-0.254951566,-160.489564626,-9.596382877,-4.841247229,153.149764537,158.340040146,149.962130124,-2.832620832,-0.619630366,-0.154949295,-167.885670875,-8.796382247,23.742736393,-0.163578896,0.176917228,-0.016098778,-0.249262248,-0.011369070,-0.466887268,28.349380352
542,9.042375709,-2.798626900,0.074716657,-0.242784798,-160.562289638,-9.134296223,-4.626266458,154.211862284,158.598390412,151.153267754,-2.829232462,-0.599413623,-0.130707242,-167.157760998,-7.900778365,23.033544460,-0.164355581,0.168040798,-0.016113373,-0.241436079,-0.024303404,-0.449891119,27.480635375
543,9.059059059,-2.800513029,0.073108792,-0.228122920,-160.641954885,-8.562983172,-4.453906624,155.569418920,158.899217066,152.578628281,-2.823191336,-0.574409333,-0.101936502,-166.206428983,-6.839455442,22.172712362,-0.165296411,0.157723034,-0.014673640,-0.230351847,-0.039572749,-0.429147565,26.506496448
544,9.075742409,-2.801951408,0.071135737,-0.211632490,-160.694909803,-7.921746375,-4.258042348,157.173841858,159.190274314,154.265224562,-2.815269371,-0.543225264,-0.070150448,-165.089067377,-5.640750126,21.104025353,-0.165747484,0.146115531,-0.013161744,-0.216785888,-0.055948349,-0.403820160,25.318493472
545,9.092425759,-2.803262472,0.067523934,-0.194348246,-160.743653737,-7.260154255,-3.992943320,158.879016634,159.469171379,156.119311841,-2.806651265,-0.507736967,-0.037514348,-163.932730393,-4.364210408,19.892116661,-0.166078826,0.133689767,-0.012627664,-0.202455290,-0.072276077,-0.375328765,23.944803770
546,9.109109109,-2.804859877,0.063172929,-0.176861897,-160.811780618,-6.595561609,-3.696527169,160.618364816,159.750328986,158.037893401,-2.797248319,-0.470193000,-0.005273950,-162.779533782,-3.059678306,18.620042754,-0.166766133,0.120994615,-0.012564728,-0.187736829,-0.088095611,-0.345352289,22.512282772
547,9.125792459,-2.806910038,0.059530064,-0.159667239,-160.908141867,-5.937888392,-3.429364012,162.360013333,160.038989564,159.930074255,-2.786649600,-0.432512326,0.025602524,-161.635129934,-1.775003198,17.357870270,-0.168029407,0.108617606,-0.012074452,-0.172509606,-0.103085871,-0.315356803,21.159807927
548,9.142475809,-2.809268951,0.056474254,-0.142700419,-161.024572289,-5.285526576,-3.187242430,164.118351966,160.328341722,161.815047683,-2.774828808,-0.394254131,0.055181810,-160.490558950,-0.505219962,16.086327485,-0.169713477,0.096501343,-0.011227487,-0.156665211,-0.117217407,-0.285018126,19.885379366
549,9.159159159,-2.811267614,0.053195391,-0.125774220,-161.122984385,-4.636380148,-2.939225372,165.928307178,160.582123262,163.760240584,-2.761820487,-0.353649116,0.083293106,-159.334372719,0.755646965,14.731721616,-0.171124516,0.084389424,-0.010536873,-0.140032234,-0.130065457,-0.253134075,18.612307885
550,9.175842509,-2.813098431,0.049785160,-0.109517999,-161.214842632,-4.014772177,-2.692158069,167.704401384,160.805765910,165.676614696,-2.748294821,-0.312838137,0.108959583,-158.224315876,1.962118831,13.365490615,-0.172471084,0.072721194,-0.010050985,-0.123486324,-0.141286114,-0.221279019,17.433724892
551,9.192525859,-2.814752340,0.046279777,-0.093229741,-161.298801673,-3.392597143,-2.442723945,169.524964210,161.004401100,167.641035064,-2.733619341,-0.270221439,0.133098642,-157.110549829,3.157838979,11.930280305,-0.173721907,0.061024319,-0.009623023,-0.106267229,-0.151248097,-0.188209218,16.338398208
552,9.209209209,-2.816803932,0.042453125,-0.076937601,-161.407848281,-2.772608107,-2.180845508,171.363017278,161.209478733,169.636094986,-2.718085678,-0.226561013,0.156126501,-156.015219888,4.357745332,10.455627699,-0.175449196,0.049275850,-0.009416952,-0.088780191,-0.160346342,-0.154337300,15.406320179
553,9.225892559,-2.819588661,0.038300175,-0.059745271,-161.560806904,-2.119485814,-1.900534580,173.326372965,161.443602754,171.769902355,-2.700616853,-0.179556378,0.179366124,-154.873737197,5.633410985,8.864044858,-0.177981540,0.036870260,-0.009283816,-0.069935267,-0.169143022,-0.117818838,14.693756415
554,9.242575909,-2.822115660,0.033809952,-0.042507358,-161.701334047,-1.466810516,-1.609035170,175.337486087,161.644645133,173.964704003,-2.681916021,-0.130517652,0.200492001,-153.741104385,6.888624085,7.180894609,-0.180346089,0.024391202,-0.009369553,-0.050471739,-0.176201767,-0.079908319,14.263363521
555,9.259259259,-2.824389458,0.029002102,-0.026302746,-161.829601831,-0.857076930,-1.313693244,177.253485598,161.810080897,176.076849252,-2.663463584,-0.082886609,0.218396067,-152.703023742,8.048663894,5.522340680,-0.182547869,0.012572301,-0.009847287,-0.031917383,-0.181254612,-0.043198833,14.182524359
556,9.275942609,-2.826182365,0.023745455,-0.010209656,-161.932122817,-0.254456972,-1.003226989,179.179601457,161.930390883,178.216831079,-2.644330748,-0.034166322,0.233687845,-151.701497237,9.157328435,3.793653008,-0.184349801,0.000760708,-0.010643774,-0.013263656,-0.184306392,-0.005839669,14.432013184
557,9.292625959,-2.828365326,0.017515758,0.006648252,-162.058677696,0.372105065,-0.650903408,-178.792196631,162.054946287,-179.501840589,-2.623567429,0.017849000,0.247990337,-150.695091274,10.305587030,1.921676720,-0.186629110,-0.011721176,-0.011970392,0.006262137,-0.186129762,0.034067996,15.120002869
558,9.309309309,-2.830807924,0.010420298,0.024798499,-162.202232118,1.044259220,-0.258303233,-176.587235585,162.172613294,-177.009049023,-2.600209238,0.074809798,0.260958058,-149.650805221,11.506079931,-0.165561714,-0.189281625,-0.025208429,-0.013660916,0.027454131,-0.186202203,0.077738802,16.318806393
559,9.325992659,-2.833118677,0.003678550,0.043081813,-162.340832326,1.723921968,0.119021687,-174.333956395,162.259554721,-174.482743173,-2.575395740,0.132665832,0.270938419,-148.622446948,12.650872011,-2.331037907,-0.191919915,-0.038707924,-0.015085946,0.049250130,-0.183987134,0.122021407,17.927648577
560,9.342676009,-2.834256887,-0.001956981,0.061329268,-162.415455165,2.409388300,0.451836386,-172.071170159,162.256327170,-171.992047661,-2.549680748,0.189924071,0.276286902,-147.621205368,13.653646851,-4.538841353,-0.193499703,-0.052000160,-0.015757919,0.071316895,-0.178506528,0.165538477,19.747288359
561,9.359359359,-2.835560799,-0.006278987,0.078803673,-162.502623143,3.072160817,0.726637353,-169.878818906,162.243281037,-169.625070957,-2.523896780,0.244094840,0.278848961,-146.670039850,14.552583261,-6.670456637,-0.195328432,-0.064527246,-0.015675733,0.092890840,-0.171473086,0.206763892,21.720219647
562,9.376042709,-2.836593628,-0.009871891,0.096611701,-162.578132750,3.752477004,0.973942336,-167.644103905,162.190852006,-167.245304876,-2.497007454,0.298270031,0.278293662,-145.726948618,15.373756324,-8.857312842,-0.196994799,-0.077149439,-0.015040968,0.114894293,-0.162087370,0.247919858,23.850055422
563,9.392726059,-2.836415768,-0.013258056,0.113660455,-162.586399236,4.404627805,1.210485637,-165.566188891,162.054723603,-165.030565646,-2.471905487,0.348357103,0.273912936,-144.894710555,16.012475121,-10.948581371,-0.197516377,-0.089251844,-0.014387940,0.134977750,-0.150441665,0.285652971,25.869716510
564,9.409409409,-2.835518837,-0.016884888,0.128730029,-162.552678789,4.977671890,1.446623413,-163.802172133,161.877769729,-163.119812806,-2.450702828,0.391138312,0.267496843,-144.237042065,16.471308261,-12.788910784,-0.197315508,-0.100081925,-0.014233205,0.151473462,-0.138382217,0.317642384,27.639443026
565,9.426092759,-2.834290981,-0.021400850,0.140939265,-162.495759692,5.432697017,1.702218945,-162.453367666,161.697320110,-161.588138863,-2.434831116,0.425054709,0.260884178,-143.795102253,16.777196417,-14.285282414,-0.196711697,-0.109148216,-0.015170741,0.163311351,-0.127559983,0.342800655,29.072272456
566,9.442776109,-2.832558155,-0.025924187,0.150640592,-162.406366319,5.788994954,1.945336581,-161.458052085,161.507089841,-160.409314541,-2.423500397,0.450932649,0.254343363,-143.511866369,16.947866268,-15.457402551,-0.195517172,-0.116545636,-0.016542782,0.171434804,-0.118106584,0.361730402,30.157512810
567,9.459459459,-2.829916954,-0.028848942,0.159175649,-162.265461221,6.109563028,2.122175797,-160.638694502,161.274615969,-159.470557477,-2.414372660,0.471417849,0.246897639,-143.272343912,16.996193818,-16.417493277,-0.193372011,-0.122921735,-0.017028323,0.178053496,-0.108905886,0.376358857,30.968909100
568,9.476142809,-2.826650858,-0.030405030,0.166830510,-162.089448933,6.404273022,2.242802245,-159.948844407,161.014302166,-158.716281364,-2.406852644,0.487761709,0.238930941,-143.057926388,16.957655759,-17.210872390,-0.190565015,-0.128500404,-0.016734567,0.183630217,-0.100035604,0.387708194,31.570494393
569,9.492826159,-2.823902130,-0.031408750,0.173662305,-161.942891636,6.669715037,2.335442677,-159.330538911,160.789057620,-158.056050985,-2.400014994,0.501940921,0.231801522,-142.857362493,16.920987449,-17.903200558,-0.188238798,-0.133411976,-0.016212206,0.188706092,-0.092162442,0.397569059,32.114825860
570,9.509509510,-2.820868731,-0.032378223,0.179422244,-161.778190401,6.893319053,2.422013466,-158.862459069,160.559379430,-157.547223071,-2.395171243,0.512779727,0.225024528,-142.717066271,16.835391080,-18.452181892,-0.185574891,-0.137611158,-0.015849230,0.192259524,-0.085125262,0.404830601,32.493659396
571,9.526192860,-2.817562580,-0.033568222,0.184198126,-161.595576368,7.076863444,2.513073862,-158.534536754,160.325940454,-157.169366395,-2.392227787,0.520763305,0.218663929,-142.638194742,16.709286139,-18.876904345,-0.182587320,-0.141200539,-0.015803804,0.194335147,-0.078891911,0.409859902,32.727403055
572,9.542876210,-2.814353704,-0.034085792,0.187979490,-161.417737290,7.225371576,2.571376018,-158.305164464,160.108765955,-156.917366966,-2.390396810,0.526038936,0.212988189,-142.579971666,16.564936037,-19.176785720,-0.179633320,-0.144000395,-0.015474505,0.195691514,-0.073664119,0.412896977,32.836113878
573,9.559559560,-2.810878754,-0.034560885,0.191116646,-161.223336481,7.348901884,2.625566391,-158.165066998,159.884831194,-156.756188665,-2.389766339,0.529371243,0.207510653,-142.556030508,16.390221200,-19.391922238,-0.176374860,-0.146372814,-0.015225433,0.196164665,-0.068930985,0.414402196,32.838585429
574,9.576242910,-2.807365179,-0.035632532,0.194217682,-161.025580041,7.467117639,2.703950440,-158.045281550,159.659626432,-156.590904261,-2.389503256,0.532776063,0.202116280,-142.554748644,16.214835370,-19.610496271,-0.173083872,-0.148829841,-0.015388049,0.196242347,-0.064235936,0.415934200,32.850507627
575,9.592926260,-2.803238392,-0.035751820,0.196457028,-160.792340597,7.557935237,2.742046589,-158.036005953,159.411215411,-156.574612355,-2.390647412,0.533032101,0.196606555,-142.574542867,15.979504002,-19.694796339,-0.169116430,-0.150569878,-0.015046790,0.195477087,-0.060037519,0.414961844,32.672885371
576,9.609609610,-2.799199104,-0.035202201,0.197982445,-160.563828354,7.624975378,2.748718083,-158.084451292,159.175615179,-156.643445361,-2.392362238,0.531506990,0.191573662,-142.598878274,15.735265485,-19.695631698,-0.165182940,-0.151707097,-0.014373433,0.194414672,-0.056532697,0.412700933,32.408292403
577,9.626292960,-2.795839310,-0.033809695,0.199960664,-160.377106785,7.715466098,2.721911417,-158.029797161,158.970550955,-156.644124940,-2.392440087,0.531396296,0.186749825,-142.559127316,15.537469029,-19.751825134,-0.161953305,-0.152974377,-0.013050046,0.194700484,-0.052944411,0.411706769,32.249838258
578,9.642976310,-2.792543173,-0.032128375,0.201702312,-160.194219941,7.798777093,2.681875991,-157.990716722,158.771602423,-156.672392196,-2.392634691,0.530705183,0.182107674,-142.517496438,15.338696346,-19.780521937,-0.158770315,-0.154028910,-0.011568855,0.194951983,-0.049602485,0.410305036,32.065618377
579,9.659659660,-2.788204670,-0.032107454,0.203929037,-159.949099952,7.890794176,2.716629939,-157.989172753,158.511927069,-156.669656790,-2.393876062,0.530662324,0.176364472,-142.536444833,15.089099654,-19.854814452,-0.154595241,-0.155756714,-0.011126686,0.194122294,-0.045290657,0.409057054,31.879643691
580,9.676343010,-2.783768654,-0.032553267,0.205760330,-159.696504235,7.963891737,2.768201213,-158.042027433,158.252013558,-156.702059920,-2.395886777,0.529904850,0.170853876,-142.588108306,14.830555951,-19.896445317,-0.150299905,-0.157304324,-0.011071401,0.192630025,-0.041280054,0.407240094,31.657865172
581,9.693026360,-2.780216932,-0.032876473,0.207084224,-159.493982777,8.016968208,2.807430383,-158.097065727,158.045567729,-156.742066894,-2.397637449,0.529012083,0.166522072,-142.633312466,14.621681329,-19.916336749,-0.146851237,-0.158442444,-0.011028815,0.191333075,-0.038184475,0.405574380,31.468544124
582,9.709709710,-2.777056694,-0.033705734,0.208527476,-159.313257791,8.070793590,2.866136800,-158.129037099,157.859086844,-156.738283018,-2.399077057,0.529041129,0.162566858,-142.680462966,14.442879245,-19.971168678,-0.143806874,-0.159732636,-0.011316080,0.190153910,-0.035198546,0.404693521,31.349712052
583,9.726393060,-2.773475885,-0.035139617,0.209397495,-159.105733530,8.097517344,2.947248487,-158.251367238,157.657134460,-156.799583206,-2.401843349,0.527751622,0.158649007,-142.779372213,14.233109467,-19.970289773,-0.140307020,-0.160759645,-0.012115588,0.187883223,-0.032477367,0.402702335,31.147820137
584,9.743076410,-2.769392729,-0.037205588,0.210004032,-158.867390825,8.109112120,3.054480616,-158.435686241,157.431620884,-156.896291042,-2.405610909,0.525758543,0.154471699,-142.920243949,13.991916152,-19.943599107,-0.136293138,-0.161744066,-0.013392874,0.184752682,-0.029686930,0.400036569,30.894842604
585,9.759759760,-2.766619921,-0.039444003,0.210886955,-158.704967107,8.129278549,3.164443789,-158.529256847,157.273621622,-156.895623119,-2.407931289,0.525789892,0.151451016,-143.024687176,13.839835455,-19.987738623,-0.133610894,-0.162882727,-0.014753828,0.182630668,-0.027392695,0.399238136,30.806180904
586,9.776443110,-2.764315844,-0.041568536,0.212357894,-158.571122858,8.173278507,3.272070163,-158.539033857,157.134065947,-156.815987485,-2.409080224,0.527435398,0.148517793,-143.091809394,13.724929273,-20.098931582,-0.131440526,-0.164381822,-0.015938773,0.181381361,-0.024870159,0.399771394,30.826581766
587,9.793126460,-2.761444807,-0.043100089,0.214843377,-158.407873593,8.262453616,3.366572622,-158.465335900,156.951770191,-156.676958535,-2.409264284,0.530251961,0.144286676,-143.114080066,13.583172309,-20.275757831,-0.128775102,-0.166503868,-0.016533997,0.180953753,-0.021167545,0.401027155,30.894352846
588,9.809809810,-2.758589268,-0.043949638,0.217203319,-158.246523706,8.351732472,3.433025679,-158.390634308,156.771217165,-156.565124617,-2.409307264,0.532484379,0.140047691,-143.118609913,13.436184470,-20.426803003,-0.126110686,-0.168421867,-0.016682177,0.180759711,-0.017574214,0.401867063,30.931274351
589,9.826493160,-2.755563021,-0.045078620,0.218555912,-158.072592539,8.398581274,3.504258933,-158.427881537,156.593487904,-156.553430252,-2.410802647,0.532697238,0.136308943,-143.174049844,13.267551160,-20.485538042,-0.123204765,-0.169708390,-0.017199271,0.179447056,-0.014727672,0.401156576,30.853666803
590,9.843176510,-2.751922131,-0.046433955,0.218457654,-157.859648764,8.385725072,3.576855670,-158.637407542,156.399677851,-156.704055431,-2.414580593,0.529641838,0.132863618,-143.304312076,13.044171205,-20.401207355,-0.119578850,-0.170071376,-0.018124373,0.176423560,-0.012707411,0.397851487,30.575883006
591,9.859859860,-2.748397589,-0.048234694,0.217632905,-157.651156507,8.339917699,3.661168896,-158.916844296,156.220673180,-156.905955697,-2.419237746,0.525588223,0.130007854,-143.472600672,12.822521696,-20.267047137,-0.116020271,-0.170006878,-0.019487945,0.172663104,-0.011312080,0.393833834,30.250324889
592,9.876543210,-2.744786263,-0.050856292,0.215323880,-157.433415892,8.227696495,3.767221686,-159.354101165,156.054147347,-157.231154416,-2.425952725,0.519099085,0.128001748,-143.723768295,12.582418167,-20.019051906,-0.112275600,-0.169068423,-0.021683210,0.167226390,-0.010997847,0.387976691,29.791559314
593,9.893226560,-2.741641283,-0.053443488,0.212350711,-157.241849206,8.088430632,3.863917264,-159.828069117,155.919419720,-157.594590547,-2.432957173,0.511853426,0.126762624,-143.987238276,12.362706903,-19.729209608,-0.108950270,-0.167639281,-0.023978951,0.161572591,-0.011395358,0.381693476,29.306813099
594,9.909909910,-2.738871098,-0.055173025,0.208629921,-157.072409542,7.925577985,3.917794805,-160.335055316,155.811245169,-158.026984699,-2.440071897,0.503187263,0.126086383,-144.241474691,12.150157035,-19.371439167,-0.105936243,-0.165520680,-0.025818556,0.155993532,-0.012479267,0.374481871,28.749470974
595,9.926593260,-2.735623360,-0.056985632,0.205655202,-156.877113814,7.791634716,3.982992864,-160.789584852,155.668102367,-158.402879073,-2.446674899,0.495673613,0.124392193,-144.479916878,11.917079915,-19.075793603,-0.102505232,-0.163952922,-0.027583998,0.150758417,-0.012591215,0.367993112,28.248317524
596,9.943276610,-2.732147694,-0.058466870,0.203687906,-156.671231258,7.700479387,4.043835492,-161.147870831,155.500787888,-158.696031419,-2.452098580,0.489838582,0.121787132,-144.673395679,11.681234641,-18.862416602,-0.098916763,-0.163031718,-0.028942906,0.146447578,-0.011721334,0.362694420,27.836898768
597,9.959959960,-2.729318380,-0.059503265,0.202451468,-156.504634516,7.642095435,4.089367054,-161.399041931,155.360211280,-158.901168496,-2.455982556,0.485772697,0.119408937,-144.810801079,11.493384156,-18.720675846,-0.096020103,-0.162502975,-0.029868534,0.143358046,-0.010699299,0.358893077,27.541824016
598,9.976643310,-2.727292061,-0.060623847,0.201575354,-156.384914601,7.597350342,4.137230982,-161.584191802,155.259703987,-159.037402852,-2.458895644,0.483097674,0.117740933,-144.920883078,11.361662851,-18.629010600,-0.093952844,-0.162197091,-0.030793507,0.140971160,-0.009947677,0.356340151,27.348789969
599,9.993326660,-2.725324154,-0.062360402,0.200160846,-156.267040269,7.525607197,4.205079993,-161.828225294,155.168411215,-159.206618271,-2.462612023,0.479781950,0.116474748,-145.069829520,11.230051260,-18.505733707,-0.091916846,-0.161623781,-0.032243504,0.137865058,-0.009607053,0.353318533,27.128221128
600,10.010010010,-2.723290920,-0.063068680,0.196868971,-156.143952308,7.386854050,4.215847304,-162.226652866,155.090503705,-159.573301835,-2.467949981,0.472433344,0.115782145,-145.255774484,11.058980640,-18.204281165,-0.089668154,-0.159569597,-0.033312964,0.133740001,-0.010440233,0.347313194,26.669667572
601,10.026693360,-2.720812559,-0.064395875,0.193022206,-155.994005602,7.220197822,4.248671112,-162.703413226,154.993418974,-159.991779802,-2.474427481,0.464070695,0.114836943,-145.491271943,10.854678425,-17.863966972,-0.086951076,-0.157259479,-0.034911525,0.128629258,-0.011265690,0.340425542,26.151817704
602,10.043376710,-2.717944145,-0.066775113,0.189226434,-155.821069598,7.046105540,4.325763521,-163.207732979,154.874661399,-160.392985898,-2.481517841,0.456114060,0.113485013,-145.766498036,10.633075943,-17.546846847,-0.083871833,-0.155186714,-0.037234855,0.122843360,-0.011705695,0.333716079,25.662809092
603,10.060060060,-2.715023279,-0.068979554,0.185388029,-155.645854546,6.871315454,4.395207312,-163.710453836,154.752062329,-160.799696286,-2.488541651,0.448049141,0.111944835,-146.037845610,10.405166465,-17.227564826,-0.080739950,-0.153052241,-0.039447305,0.117123610,-0.012026914,0.326917462,25.169631882
604,10.076743410,-2.712877512,-0.070527308,0.182168379,-155.517107335,6.727123736,4.439542493,-164.112547990,154.664741525,-161.134155443,-2.494055051,0.441399810,0.110875503,-146.249476194,10.229730219,-16.961941354,-0.078415330,-0.151191024,-0.041096030,0.112655639,-0.012440505,0.321388437,24.769449761
605,10.093426760,-2.711578369,-0.072110415,0.178729638,-155.437196095,6.573984359,4.479297539,-164.504777365,154.625489512,-161.458102493,-2.499266027,0.434915442,0.110833819,-146.455217130,10.102139992,-16.691310598,-0.076926643,-0.149141418,-0.042811425,0.108402123,-0.013576822,0.316208064,24.400985875
606,10.110110110,-2.710350513,-0.073348522,0.175757036,-155.362473587,6.442563257,4.508692593,-164.843847945,154.585006663,-161.743484919,-2.503757556,0.429199701,0.110596033,-146.630741725,9.983438594,-16.455286355,-0.075535866,-0.147350029,-0.044204144,0.104750286,-0.014430252,0.311622189,24.074397587
607,10.126793460,-2.708502531,-0.075363658,0.173345372,-155.252486193,6.326390362,4.576923122,-165.166357512,154.506073610,-161.978687830,-2.508347563,0.424577183,0.109511156,-146.821248530,9.841879115,-16.275707717,-0.073580030,-0.146114483,-0.046039957,0.100877141,-0.014455828,0.307669718,23.807608247
608,10.143476810,-2.707015991,-0.076991975,0.172050476,-155.164868731,6.258733874,4.637682426,-165.365765239,154.436958513,-162.107471711,-2.511336375,0.422099434,0.108406716,-146.949885640,9.739645738,-16.185911471,-0.072049061,-0.145570305,-0.047407941,0.098295817,-0.014081587,0.305411117,23.663424716
609,10.160160160,-2.704447746,-0.078635074,0.170522898,-155.014962160,6.180607140,4.701574084,-165.619961563,154.309581371,-162.289012502,-2.515182186,0.418632022,0.106035858,-147.106018247,9.566984059,-16.069348322,-0.069424926,-0.144915675,-0.048829099,0.095049271,-0.012960768,0.302131844,23.444558949
610,10.176843510,-2.702554226,-0.080577955,0.169080436,-154.904034400,6.103514137,4.775293059,-165.849730186,154.219284809,-162.434139586,-2.518665568,0.415873010,0.104497059,-147.256832202,9.439783147,-15.972817738,-0.067488156,-0.144341823,-0.050446159,0.092025981,-0.012318704,0.299553702,23.286133626
611,10.193526860,-2.701298237,-0.083593786,0.167717427,-154.829780540,6.020324512,4.890229530,-166.073399096,154.165517613,-162.528405039,-2.522185370,0.414137329,0.103902435,-147.428989760,9.361735695,-15.908700639,-0.066219780,-0.143984466,-0.052800539,0.088786338,-0.012172125,0.297888355,23.216548578
612,10.210210210,-2.700398207,-0.086312860,0.166913331,-154.776835363,5.962540099,4.996640880,-166.228915655,154.126626815,-162.567470827,-2.524776017,0.413494484,0.103526381,-147.564039052,9.313643081,-15.887551425,-0.065336917,-0.143947849,-0.054848137,0.086313975,-0.011989965,0.297133045,23.210895021
613,10.226893560,-2.699582577,-0.087301672,0.166307524,-154.729334645,5.928358314,5.034591222,-166.328579158,154.087815089,-162.624099256,-2.526314932,0.412435869,0.102872844,-147.633114599,9.260559415,-15.851246351,-0.064509739,-0.143737979,-0.055649997,0.084953278,-0.011696061,0.296117745,23.155387206
614,10.243576910,-2.699073553,-0.088200644,0.164728448,-154.698838879,5.855937065,5.058777972,-166.505221421,154.073551166,-162.761917012,-2.528663769,0.409684333,0.102848498,-147.731176964,9.207238538,-15.736959699,-0.063928418,-0.142818521,-0.056562798,0.082984176,-0.012168207,0.293930252,23.012371946
615,10.260260260,-2.699611664,-0.088577509,0.161618575,-154.727645937,5.727455453,5.043590616,-166.779177513,154.128418058,-163.020638893,-2.531815011,0.404335765,0.104425032,-147.853600712,9.183967995,-15.495879425,-0.064290163,-0.140689972,-0.057381796,0.080485574,-0.014280233,0.290101489,22.739290484
616,10.276943610,-2.699467421,-0.089059152,0.157848269,-154.716966739,5.570645281,5.029523934,-167.136088062,154.150013615,-163.356925275,-2.536081473,0.397448969,0.105298922,-148.016641295,9.105751589,-15.198982867,-0.063937664,-0.138149411,-0.058393865,0.077095046,-0.016153671,0.284948274,22.374279654
617,10.293626960,-2.698518038,-0.089764185,0.154108793,-154.660280678,5.412153499,5.027947388,-167.517869349,154.126141389,-163.707471801,-2.540834143,0.390346611,0.105134779,-148.199359973,8.979373770,-14.905333376,-0.062792696,-0.135704628,-0.059559245,0.073276305,-0.017304959,0.279417958,21.988989654
618,10.310310310,-2.697170973,-0.090851083,0.150530621,-154.581157548,5.256177126,5.044653834,-167.903010905,154.078827080,-164.044585647,-2.545777219,0.383569492,0.104437124,-148.394903532,8.833951834,-14.631742733,-0.061273594,-0.133456087,-0.060965057,0.069233450,-0.018003880,0.274018252,21.623702251
619,10.326993660,-2.696894169,-0.091720402,0.147080407,-154.563826980,5.108519998,5.049390978,-168.242293923,154.089431038,-164.346577688,-2.549934547,0.377384500,0.104970160,-148.562066003,8.752851359,-14.369207374,-0.060829229,-0.131211156,-0.062192657,0.065831723,-0.019490940,0.269341867,21.308113832
620,10.343677010,-2.696858168,-0.091695070,0.143881008,-154.560404527,4.979404546,5.019330284,-168.534376322,154.109547195,-164.639683253,-2.553293676,0.371326045,0.105541596,-148.687025387,8.682626140,-14.111292605,-0.060619383,-0.128971715,-0.062747946,0.063193925,-0.020990017,0.264833106,20.987338150
621,10.360360360,-2.696698427,-0.091149203,0.140919164,-154.549915991,4.864464704,4.970869918,-168.797723179,154.119660898,-164.925968625,-2.556219470,0.365406304,0.105770102,-148.788055570,8.604344728,-13.862885254,-0.060288090,-0.126810541,-0.062896555,0.060973178,-0.022219131,0.260400064,20.661999678
622,10.377043710,-2.695790529,-0.090584077,0.138566166,-154.496743467,4.773382998,4.929904691,-169.024149366,154.083295805,-165.175086766,-2.558844298,0.360350033,0.104893839,-148.875909336,8.493253369,-13.662667132,-0.059243205,-0.125101783,-0.062925459,0.058987790,-0.022492121,0.256411686,20.368020297
623,10.393727060,-2.694971561,-0.090546839,0.135744512,-154.448756892,4.658642168,4.905535425,-169.301297139,154.055632623,-165.452647330,-2.562150287,0.354702018,0.104276785,-148.998360935,8.380998904,-13.435547412,-0.058278396,-0.123154694,-0.063407942,0.056372062,-0.023052237,0.251999305,20.057015759
624,10.410410410,-2.694369555,-0.091205746,0.132531032,-154.413504131,4.521943965,4.904806416,-169.622651463,154.043526525,-165.745150914,-2.566080984,0.348723577,0.104090958,-149.156238702,8.278038376,-13.190640537,-0.057530987,-0.121047856,-0.064447916,0.053142336,-0.023974709,0.247388505,19.749683892
625,10.427093760,-2.693883657,-0.092562512,0.128945455,-154.385377252,4.363928450,4.928346884,-169.989256599,154.041064173,-166.053410604,-2.570667563,0.342406247,0.104191186,-149.350512906,8.178430357,-12.929294299,-0.056902817,-0.118799551,-0.066043612,0.049272605,-0.025154646,0.242546836,19.445088431
626,10.443777110,-2.693113089,-0.092309281,0.125041485,-154.340274123,4.207349617,4.884810207,-170.358381353,154.020713661,-166.432172331,-2.574936036,0.334635178,0.103582532,-149.509439282,8.038790521,-12.614915833,-0.055936864,-0.116051613,-0.066569302,0.045891887,-0.026096415,0.236567389,19.026099466
627,10.460460460,-2.691859484,-0.090667740,0.119800039,-154.266620042,4.008747925,4.774264339,-170.831149248,153.977294531,-166.972912467,-2.580104216,0.323545026,0.102112431,-149.684104884,7.824099621,-12.172507303,-0.054394716,-0.112136226,-0.066363497,0.041976463,-0.027018483,0.228005145,18.398271747
628,10.477143810,-2.691191196,-0.088999130,0.113005318,-154.226565501,3.748371010,4.646090462,-171.431495942,153.973874035,-167.643272506,-2.586579921,0.309650738,0.101368809,-149.914498178,7.601779276,-11.607521614,-0.053376875,-0.107103321,-0.066414322,0.036966400,-0.028957890,0.217501250,17.642452108
629,10.493827160,-2.690698624,-0.087696627,0.105162032,-154.197135727,3.442436146,4.522243637,-172.131682340,153.984123800,-168.398177219,-2.594200408,0.293943075,0.100750047,-150.200249671,7.360202629,-10.968085083,-0.052514612,-0.101392116,-0.066909167,0.030917732,-0.031296423,0.205678805,16.814756903
630,10.510510511,-2.690018177,-0.087244265,0.096072517,-154.158201972,3.077950951,4.421486613,-172.967392418,153.988062175,-169.252193294,-2.603526303,0.276171942,0.099756268,-150.571192280,7.074305071,-10.250130040,-0.051455860,-0.094962638,-0.068225126,0.023286132,-0.033708517,0.192249586,15.913708732
631,10.527193861,-2.688578844,-0.086873308,0.087212980,-154.076655132,2.720850254,4.327744887,-173.795874189,153.944087504,-170.094481746,-2.612828924,0.258778000,0.097409301,-150.947390040,6.742594322,-9.563466253,-0.049674259,-0.088729371,-0.069561445,0.015596315,-0.035073449,0.178894689,15.032448623
632,10.543877211,-2.687175989,-0.085730352,0.078359343,-153.997230308,2.371100513,4.202179612,-174.604563327,153.896844751,-170.949929745,-2.621626827,0.241098583,0.094609831,-151.300718335,6.397970611,-8.870563856,-0.047934546,-0.082355485,-0.070355092,0.008348205,-0.036169227,0.165332641,14.130450857
633,10.560560561,-2.685395718,-0.084334530,0.069877937,-153.896436844,2.038138119,4.070080723,-175.375926250,153.822556907,-171.778374508,-2.629908760,0.224083449,0.090952483,-151.636049358,6.033039517,-8.214443500,-0.045847382,-0.076202793,-0.070906802,0.001495196,-0.036535936,0.152161217,13.259130572
634,10.577243911,-2.683699608,-0.082671195,0.061137818,-153.800823793,1.697277434,3.923853006,-176.160229489,153.749782085,-172.631359773,-2.638157562,0.206555481,0.086994216,-151.975008890,5.655733467,-7.541202002,-0.043853306,-0.069811619,-0.071316712,-0.005378101,-0.036779506,0.138618555,12.372180343
635,10.593927261,-2.683138609,-0.081928305,0.052070931,-153.772132944,1.336250121,3.809220598,-176.978669563,153.740524132,-173.480760028,-2.646818011,0.188826280,0.084347086,-152.351342018,5.332532179,-6.848146589,-0.043030914,-0.063320590,-0.072425982,-0.012800915,-0.037977578,0.125198424,11.544585552
636,10.610610611,-2.683282852,-0.082923159,0.043872118,-153.786511700,0.995161825,3.771877924,-177.747994342,153.768964338,-174.207826823,-2.655303165,0.173463058,0.082846838,-152.744098758,5.084652511,-6.241808997,-0.042998963,-0.057731628,-0.074596960,-0.020323540,-0.039552569,0.113712094,10.915403412
637,10.627293961,-2.683379173,-0.084335312,0.036084145,-153.799492723,0.666754233,3.755450217,-178.490126510,153.791609848,-174.889839631,-2.663574155,0.159040115,0.081184969,-153.135968103,4.844839074,-5.676351188,-0.042958426,-0.052507040,-0.076987652,-0.027751557,-0.040838841,0.102910445,10.364208679
638,10.643977311,-2.682471275,-0.085304052,0.029469937,-153.754269504,0.388286365,3.733367278,-179.122020067,153.751601195,-175.479173545,-2.670597772,0.146864666,0.078183329,-153.469486215,4.581107925,-5.214874124,-0.041944036,-0.048049327,-0.078863350,-0.034062065,-0.040792166,0.093534480,9.895298288
639,10.660660661,-2.681754112,-0.085285947,0.023084907,-153.718683083,0.128634244,3.673077583,-179.709486212,153.718390677,-176.066439008,-2.676804836,0.134700675,0.075139377,-153.761284746,4.321996354,-4.753800982,-0.041113985,-0.043569907,-0.080002882,-0.039606501,-0.040728056,0.084215797,9.409504829
640,10.677344011,-2.680830240,-0.085232936,0.016702600,-153.671651526,-0.131000310,3.611398728,179.704633513,153.671348891,-176.653328306,-2.682954681,0.122624971,0.071637502,-154.054021943,4.048333317,-4.300798398,-0.040088964,-0.039088113,-0.081119378,-0.045132832,-0.040326268,0.074904771,8.943208694
641,10.694027361,-2.679852009,-0.086247332,0.010928359,-153.623413854,-0.376238841,3.598533173,179.153178009,153.620922909,-177.160123595,-2.689027865,0.112256642,0.068334960,-154.354123263,3.801467529,-3.915409881,-0.039055702,-0.035224155,-0.082878718,-0.050700912,-0.039758457,0.066854873,8.607684219
642,10.710710711,-2.679043770,-0.088473119,0.005029144,-153.588136631,-0.637745321,3.633260047,178.566526504,153.580991312,-177.650560516,-2.695781630,0.102173757,0.065304642,-154.698571349,3.568973973,-3.539772860,-0.038231687,-0.031484321,-0.085512393,-0.057004220,-0.039317676,0.059057569,8.363559404
643,10.727394061,-2.678158283,-0.090731025,-0.000875087,-153.549386026,-0.900016786,3.669144251,177.980096865,153.535181287,-178.139238302,-2.702513741,0.092168346,0.062033555,-155.045111837,3.330446276,-3.169429300,-0.037343439,-0.027746238,-0.088171261,-0.063316636,-0.038695344,0.051296686,8.151148583
644,10.744077411,-2.676973820,-0.093431048,-0.006881915,-153.495594533,-1.171386155,3.721940766,177.376611821,153.471593486,-178.625565979,-2.709538600,0.082328663,0.058264569,-155.411559566,3.075607840,-2.810346061,-0.036179487,-0.024017810,-0.091164116,-0.069947637,-0.037691185,0.043580678,7.996087760
645,10.760760761,-2.675723553,-0.094853006,-0.013370569,-153.436528275,-1.450460203,3.718107384,176.759260866,153.399832363,-179.180228383,-2.716264124,0.071129571,0.053780424,-155.759997037,2.783969778,-2.402111090,-0.034925658,-0.019719168,-0.093345591,-0.076263287,-0.036438924,0.034822122,7.773693206
646,10.777444111,-2.674326658,-0.096505523,-0.020272933,-153.371080327,-1.748964694,3.719413510,176.102702510,153.317894651,-179.763949822,-2.723408819,0.059408349,0.048770989,-156.135346603,2.469473282,-1.977367886,-0.033543737,-0.015169267,-0.095766795,-0.083020141,-0.034909290,0.025627148,7.593893858
647,10.794127461,-2.672837257,-0.098385081,-0.027651185,-153.302653960,-2.069307500,3.725053113,175.402037265,153.228451403,179.618160807,-2.731006271,0.047048634,0.043244199,-156.540209591,2.132110521,-1.531192153,-0.032090680,-0.010322239,-0.098436186,-0.090258101,-0.033129595,0.015921156,7.464496370
648,10.810810811,-2.671549797,-0.100892656,-0.034767967,-153.248246036,-2.384755746,3.758416960,174.714010620,153.149972838,179.039572861,-2.738612272,0.035462898,0.038053125,-156.952845332,1.818959129,-1.112907774,-0.030875193,-0.005766606,-0.101500331,-0.097578633,-0.031450322,0.006846939,7.434934810
649,10.827494161,-2.669918537,-0.103114955,-0.041852828,-153.174412600,-2.697242332,3.780121203,174.040245885,153.049162124,178.463689394,-2.745938798,0.024126370,0.032196426,-157.354418199,1.485526919,-0.709330432,-0.029324955,-0.001182430,-0.104363987,-0.104659332,-0.029275902,-0.002135196,7.449461712
650,10.844177511,-2.668721676,-0.105488099,-0.048280623,-153.125743047,-2.983619321,3.814175971,173.422641674,152.972884752,177.949811433,-2.752703585,0.013938749,0.027164637,-157.730264936,1.198552374,-0.344335054,-0.028227112,0.002918058,-0.107211401,-0.111250250,-0.027484275,-0.010140131,7.520350077
651,10.860860861,-2.667557955,-0.106636994,-0.054049671,-153.074477685,-3.231585953,3.804610904,172.892711022,152.895638399,177.471129407,-2.758169745,0.004528391,0.022213914,-158.036170293,0.924575826,-0.008717183,-0.027134388,0.006776080,-0.109077236,-0.116586414,-0.025637248,-0.017557638,7.561034192
652,10.877544211,-2.666520596,-0.107466534,-0.059630748,-153.029511146,-3.468607309,3.783755350,172.387754468,152.823976428,177.003543556,-2.763244062,-0.004665408,0.017370241,-158.323289225,0.659135576,0.319669517,-0.026167148,0.010561766,-0.110682700,-0.121567188,-0.023836128,-0.024784426,7.611550261
653,10.894227561,-2.665766716,-0.107713647,-0.066020072,-153.000938763,-3.732043934,3.731447473,171.823517512,152.763431357,176.451215760,-2.768619420,-0.015679225,0.012093914,-158.631443797,0.365126651,0.717834983,-0.025483706,0.015026657,-0.112018451,-0.126880865,-0.022056099,-0.033322458,7.651388815
654,10.910910911,-2.665111542,-0.108546883,-0.073243737,-152.982543578,-4.034703457,3.694928056,171.173885193,152.705374544,175.838487529,-2.774931463,-0.027944032,0.006305366,-158.998783022,0.044951681,1.162249288,-0.024940631,0.019977672,-0.113916736,-0.133178713,-0.020133435,-0.042787698,7.764685011
655,10.927594261,-2.664170265,-0.109764166,-0.081203096,-152.951721651,-4.371756612,3.666523718,170.456813575,152.627025248,175.175332305,-2.781928821,-0.041055678,-0.000500386,-159.412468166,-0.317285041,1.633393384,-0.024151292,0.025380253,-0.116223646,-0.140217015,-0.017656326,-0.052979957,7.960214151
656,10.944277611,-2.663225889,-0.110890903,-0.088337287,-152.919306866,-4.674572717,3.642251174,169.817470097,152.548899202,174.586057541,-2.788112647,-0.052595959,-0.006901840,-159.783991504,-0.648408264,2.045846234,-0.023361310,0.030218159,-0.118318842,-0.146488613,-0.015200144,-0.061991586,8.177828082
657,10.960960961,-2.662666321,-0.111498505,-0.094561189,-152.905298191,-4.934365887,3.606049014,169.266732008,152.493139459,174.062423920,-2.793251539,-0.062932920,-0.012386123,-160.098242037,-0.932342572,2.417773992,-0.022937466,0.034508098,-0.119877255,-0.151752201,-0.013181654,-0.069997334,8.367683952
658,10.977644311,-2.662467957,-0.111786395,-0.099623993,-152.908156947,-5.142916844,3.568568048,168.820890393,152.460658579,173.629308127,-2.797298898,-0.071581076,-0.016684865,-160.349653904,-1.156546502,2.731384136,-0.022851703,0.038035458,-0.120994573,-0.155936824,-0.011697385,-0.076629697,8.522267250
659,10.994327661,-2.662229776,-0.112549558,-0.103748508,-152.908557156,-5.318161805,3.559504210,168.447782516,152.430304588,173.289420895,-2.800854511,-0.078317162,-0.020241673,-160.570820636,-1.337362882,2.974400697,-0.022728299,0.040814173,-0.122279586,-0.159618099,-0.010395789,-0.081818257,8.683069819
660,11.011011011,-2.662074804,-0.113377839,-0.107763499,-152.913994656,-5.489333023,3.554325985,168.082096488,152.404633431,172.959606450,-2.804349244,-0.084878154,-0.023656439,-160.789688912,-1.510155182,3.211662158,-0.022693061,0.043503786,-0.123589333,-0.163252074,-0.009163445,-0.086853368,8.847723437
661,11.027694361,-2.662367582,-0.114833929,-0.111887902,-152.948427271,-5.669548546,3.574644646,167.686078600,152.404616944,172.625609790,-2.808329093,-0.091757627,-0.026587610,-161.038004638,-1.663515400,3.464934192,-0.023134172,0.046156580,-0.125353488,-0.167396276,-0.008312075,-0.092006067,9.032631905
662,11.044377711,-2.663012505,-0.116381072,-0.116220355,-153.004458472,-5.857843929,3.597527799,167.263868215,152.422938208,172.268654202,-2.812554132,-0.099277410,-0.029356077,-161.303401767,-1.812489093,3.744769326,-0.023941745,0.048938310,-0.127211865,-0.171820240,-0.007680898,-0.097551629,9.223170187
663,11.061061061,-2.663854837,-0.117980726,-0.120688863,-153.072909494,-6.051375748,3.621879120,166.824657313,152.450973182,171.896542505,-2.816926586,-0.107201202,-0.032101571,-161.580173915,-1.961018449,4.040808762,-0.024958723,0.051804855,-0.129126884,-0.176422940,-0.007134494,-0.103352607,9.420766119
664,11.077744411,-2.664538145,-0.119532749,-0.125304461,-153.132960868,-6.250801536,3.642786621,166.375972918,152.468173935,171.513173374,-2.821335402,-0.115252926,-0.035265334,-161.862239059,-2.124894486,4.339312496,-0.025826270,0.054783262,-0.131036907,-0.181087606,-0.006326569,-0.109298110,9.632561832
665,11.094427761,-2.664559603,-0.121705107,-0.129617482,-153.157602927,-6.446073421,3.690668447,165.952074827,152.450439084,171.182466954,-2.825739622,-0.121887609,-0.038845722,-162.142477259,-2.294628192,4.579261202,-0.026052156,0.057438814,-0.133343576,-0.185721409,-0.004993135,-0.114340894,9.874092928
666,11.111111111,-2.665339947,-0.123713307,-0.133995697,-153.225756420,-6.639660980,3.733135626,165.511396812,152.473906318,170.826416099,-2.830215489,-0.129438848,-0.041766787,-162.430129791,-2.441940998,4.859721940,-0.027039962,0.060165013,-0.135529102,-0.190475141,-0.004266163,-0.119876374,10.095894578
667,11.127794461,-2.666139364,-0.125370786,-0.138926476,-153.295615728,-6.852039029,3.756334967,165.029616290,152.493245960,170.414128069,-2.834870405,-0.138096466,-0.045370304,-162.735571383,-2.620124435,5.179915688,-0.028059487,0.063343013,-0.137564688,-0.195473641,-0.003267174,-0.126259475,10.333576186
668,11.144477811,-2.667004585,-0.127727196,-0.143916696,-153.373616215,-7.073024754,3.808065398,164.524963370,152.516656428,170.008749874,-2.839962333,-0.146659383,-0.048940253,-163.068028006,-2.792600697,5.496663750,-0.029181068,0.066435198,-0.140101076,-0.200930788,-0.002272045,-0.132546132,10.596571142
669,11.161161161,-2.667715311,-0.129962191,-0.149051636,-153.443377399,-7.299081516,3.853392701,164.013268929,152.528999448,169.591377353,-2.845028772,-0.155349334,-0.052961632,-163.403232015,-2.981121775,5.816016237,-0.030158232,0.069651029,-0.142579903,-0.206396345,-0.000996545,-0.138978230,10.868926014
670,11.177844511,-2.668633461,-0.131817117,-0.154377937,-153.524433856,-7.528312263,3.882253167,163.488364603,152.549422979,169.144016580,-2.850022050,-0.164725538,-0.057166353,-163.740409091,-3.178250547,6.161668570,-0.031344956,0.073066760,-0.144818730,-0.211849520,0.000281359,-0.145886494,11.138782793
671,11.194527861,-2.669844389,-0.134598598,-0.159978867,-153.629101745,-7.775931026,3.947785528,162.910917684,152.585529344,168.683095258,-2.855782370,-0.174552726,-0.061324976,-164.126284503,-3.369935175,6.525466630,-0.032881195,0.076504615,-0.147750589,-0.218122512,0.001455531,-0.153048167,11.441824088
672,11.211211211,-2.670925617,-0.138749212,-0.166347206,-153.738007430,-8.067428789,4.062558689,162.237865578,152.611190259,168.185320439,-2.862808740,-0.185034597,-0.066342423,-164.593618765,-3.589545451,6.910530503,-0.034386953,0.080236237,-0.151784565,-0.225737878,0.003103334,-0.160733211,11.816840462
673,11.227894561,-2.673479080,-0.142402619,-0.172058523,-153.927620583,-8.321137318,4.168112541,161.593338615,152.720753616,167.691284970,-2.869419282,-0.196360784,-0.069508420,-165.038642268,-3.738688019,7.338453923,-0.037332086,0.083573826,-0.155308267,-0.233002621,0.003357513,-0.168649085,12.124339386
674,11.244577911,-2.677089214,-0.146397486,-0.177693069,-154.181011738,-8.569506871,4.292590938,160.914584653,152.888930510,167.174825568,-2.876434740,-0.208839444,-0.071768909,-165.512933250,-3.851744058,7.815440831,-0.041358022,0.086777630,-0.159023293,-0.240770063,0.002813899,-0.177135040,12.422585275
675,11.261261261,-2.680935621,-0.150867552,-0.181775808,-154.445932596,-8.757461708,4.452125307,160.347359026,153.082683753,166.789115069,-2.882770761,-0.219003102,-0.072161239,-165.931551802,-3.880845305,8.209749965,-0.045582847,0.088796035,-0.162780988,-0.247734089,0.001411841,-0.183752003,12.656307554
676,11.277944611,-2.684476137,-0.154611632,-0.184281230,-154.683181925,-8.875723972,4.595329248,159.938543876,153.269550981,166.531128715,-2.887569572,-0.226513104,-0.071259745,-166.243908804,-3.853477660,8.505677034,-0.049405126,0.089837041,-0.165749967,-0.253001272,-0.000413848,-0.188418982,12.805919650
677,11.294627961,-2.687773943,-0.157876387,-0.186049640,-154.900889874,-8.960431599,4.724750976,159.609081169,153.447337835,166.332316930,-2.891546857,-0.232732537,-0.069874831,-166.500728982,-3.804827345,8.752845723,-0.052933398,0.090448196,-0.168253655,-0.257371311,-0.002346983,-0.192165623,12.915623836
678,11.311311311,-2.691393375,-0.161930189,-0.187257633,-155.140169347,-9.027262957,4.892567340,159.298044413,153.650135440,166.184251053,-2.895717187,-0.238255948,-0.067437707,-166.760468773,-3.710502244,8.976492842,-0.056797484,0.090519906,-0.171195595,-0.261886130,-0.004856105,-0.195256178,13.010762863
679,11.327994661,-2.695217133,-0.167747378,-0.189070746,-155.406134638,-9.131624594,5.128339305,158.882220934,153.864754773,166.005086981,-2.901407254,-0.244643304,-0.065314337,-167.113295151,-3.622316418,9.230208524,-0.060986770,0.090697284,-0.175465158,-0.267993610,-0.007277945,-0.198902607,13.167666543
680,11.344678011,-2.699648380,-0.173568666,-0.192027614,-155.713378575,-9.277479810,5.356890496,158.338979911,154.102411473,165.696296099,-2.908055663,-0.254033946,-0.064289184,-167.543939160,-3.580851978,9.593925185,-0.065850372,0.091664827,-0.179910223,-0.275300947,-0.009455835,-0.204665922,13.376942556
681,11.361361361,-2.703450680,-0.178833514,-0.194652066,-155.980387527,-9.407065635,5.563695420,157.852885788,154.306036181,165.422100408,-2.914001591,-0.262341032,-0.063630971,-167.930568356,-3.551016535,9.913163236,-0.070052201,0.092506001,-0.183918916,-0.281852991,-0.011209523,-0.209783713,13.567393488
682,11.378044711,-2.707897186,-0.183302581,-0.197288558,-156.279803509,-9.525920999,5.740184569,157.356473174,154.541461230,165.101572860,-2.919687931,-0.272025709,-0.062818431,-168.311555299,-3.519292314,10.285366309,-0.074865110,0.093486063,-0.187343654,-0.288271760,-0.013292657,-0.215775222,13.742081866
683,11.394728061,-2.712295771,-0.187586665,-0.199019045,-156.571439279,-9.606068411,5.916438116,156.942290108,154.781684903,164.855023226,-2.924665685,-0.280285236,-0.061015498,-168.639673190,-3.446833208,10.605504855,-0.079580938,0.093865953,-0.190473137,-0.293884868,-0.015794055,-0.220676180,13.872773232
684,11.411411411,-2.716757059,-0.191996008,-0.200671762,-156.867797738,-9.682628426,6.098741821,156.524130237,155.026163748,164.608991478,-2.929707502,-0.288645099,-0.059182216,-168.972665554,-3.371329255,10.928118246,-0.084368548,0.094167565,-0.193665747,-0.299590146,-0.018323487,-0.225619416,14.004598842
685,11.428094761,-2.721587896,-0.196241364,-0.202899411,-157.187709568,-9.777598682,6.271196550,156.036234463,155.283879293,164.284636980,-2.935178290,-0.298857708,-0.058118746,-169.347015713,-3.326059491,11.317370918,-0.089552201,0.094891638,-0.196823257,-0.305909791,-0.020639745,-0.231867371,14.165021991
686,11.444778111,-2.726584435,-0.199988708,-0.206058413,-157.518955982,-9.903686748,6.417020479,155.458490993,155.538095120,163.848494511,-2.941066684,-0.311408147,-0.058657095,-169.770705027,-3.342778914,11.788945492,-0.094928070,0.096346012,-0.199783646,-0.312898152,-0.022276533,-0.239866361,14.370582492
687,11.461461461,-2.732278109,-0.203604653,-0.209773138,-157.892913972,-10.045554169,6.556160724,154.793111745,155.822153986,163.316523671,-2.947501805,-0.326422434,-0.059957173,-170.249933236,-3.386812397,12.350042752,-0.101029145,0.098193864,-0.202714031,-0.320714333,-0.023805499,-0.249537198,14.611980880
688,11.478144811,-2.737393379,-0.206067950,-0.214326993,-158.230207091,-10.214422396,6.640865952,154.087567090,156.058859971,162.697653366,-2.953659810,-0.342655244,-0.063568429,-170.739278474,-3.517727690,12.949656481,-0.106536764,0.100829808,-0.205008222,-0.328459867,-0.024020136,-0.260357600,14.895110158
689,11.494828161,-2.742440462,-0.208134636,-0.217949584,-158.555976218,-10.342830426,6.716608782,153.471684113,156.298363720,162.151849955,-2.958953379,-0.357432467,-0.066241520,-171.168722164,-3.610469312,13.496669198,-0.111906320,0.102885881,-0.206862167,-0.335260801,-0.024619626,-0.270084153,15.138366261
690,11.511511512,-2.746937037,-0.209769130,-0.221028611,-158.844149202,-10.449173919,6.777223973,152.933138310,156.510921533,161.666941851,-2.963463236,-0.370594608,-0.068743277,-171.544150280,-3.694971450,13.982942675,-0.116672844,0.104646895,-0.208340777,-0.341168727,-0.025075182,-0.278749353,15.356707872
691,11.528194862,-2.750885725,-0.211580411,-0.224408314,-159.104446057,-10.571454717,6.841628550,152.378672315,156.689707739,161.174998728,-2.968100342,-0.383487794,-0.072268247,-171.934156117,-3.812461789,14.455122389,-0.120924396,0.106589558,-0.210011964,-0.347236657,-0.024815239,-0.287372736,15.597506215
692,11.544878212,-2.754993677,-0.212275565,-0.228038132,-159.366733161,-10.694395089,6.859814829,151.812197541,156.867701303,160.624203396,-2.972284449,-0.397570931,-0.076663737,-172.318443491,-3.963995392,14.971025056,-0.125284078,0.108893716,-0.210948615,-0.353051138,-0.024191000,-0.296907638,15.857917096
693,11.561561562,-2.759623528,-0.213007912,-0.231991768,-159.661504747,-10.826689487,6.879868608,151.178845027,157.067601580,160.006355705,-2.976874722,-0.413398000,-0.081775624,-172.750957210,-4.136183107,15.550062241,-0.130190611,0.111398909,-0.211942261,-0.359549987,-0.023379873,-0.307622124,16.158493649
694,11.578244912,-2.763902187,-0.213606834,-0.235850230,-159.934868548,-10.956078354,6.894568547,150.566463654,157.247292185,159.405047110,-2.981188680,-0.428606728,-0.087255620,-173.170812400,-4.318143504,16.104981205,-0.134736779,0.113862741,-0.212839773,-0.365781174,-0.022234396,-0.317981066,16.462118742
695,11.594928262,-2.767373323,-0.215001330,-0.239290491,-160.166305716,-11.078902044,6.942133621,150.010136209,157.391080936,158.895076333,-2.985415303,-0.441448374,-0.092401207,-173.566212365,-4.481173639,16.570570570,-0.138504898,0.115910652,-0.214241905,-0.371690888,-0.020923232,-0.326739623,16.737024892
696,11.611611612,-2.770593405,-0.216286719,-0.242031023,-160.378482284,-11.174583795,6.989187968,149.532955391,157.529064214,158.460453869,-2.989042627,-0.452636625,-0.096583416,-173.908967371,-4.608966803,16.976629412,-0.141974517,0.117499139,-0.215456390,-0.376822666,-0.019978395,-0.334301523,16.971643264
697,11.628294962,-2.773332119,-0.217479110,-0.244451448,-160.560540884,-11.259827337,7.032971296,149.111711241,157.644655091,158.079398261,-2.992234011,-0.462379770,-0.100470783,-174.213635717,-4.726301821,17.329492600,-0.144939567,0.118891911,-0.216570624,-0.381361473,-0.018997674,-0.340905941,17.180973499
698,11.644978312,-2.777322531,-0.217571422,-0.245658353,-160.797673473,-11.281867585,7.044207764,148.761946283,157.837051657,157.720586679,-2.994496315,-0.472754949,-0.102193385,-174.459149522,-4.770677016,17.712013526,-0.149006303,0.119617662,-0.216667515,-0.385046397,-0.019532889,-0.347619671,17.356881641
699,11.661661662,-2.781363249,-0.216997683,-0.246636942,-161.030706679,-11.290358710,7.029980249,148.442773022,158.031782666,157.364956755,-2.996248543,-0.483079156,-0.103757816,-174.676621250,-4.812375322,18.093880936,-0.153066225,0.120301079,-0.216267839,-0.388244475,-0.020168440,-0.354303865,17.532090203
700,11.678345012,-2.786068916,-0.217101589,-0.247395918,-161.306160555,-11.289997997,7.047248255,148.082278260,158.266228038,156.993700996,-2.998545688,-0.494404824,-0.104930622,-174.934057407,-4.832021855,18.511671787,-0.157818821,0.120700241,-0.216263762,-0.392149461,-0.021207992,-0.361502164,17.722132093
701,11.695028362,-2.789930105,-0.218035519,-0.248281628,-161.540959515,-11.305028718,7.094449669,147.732600142,158.457578939,156.669866970,-3.001110836,-0.504167603,-0.106478744,-175.194468828,-4.860533117,18.868491401,-0.161789951,0.121058225,-0.216882985,-0.396138501,-0.021746278,-0.367730193,17.898651947
702,11.711711712,-2.793709278,-0.218442529,-0.249618724,-161.769568775,-11.334962244,7.117364319,147.349957330,158.635226849,156.291776565,-3.003596861,-0.514838159,-0.109221033,-175.472043116,-4.931282527,19.257703375,-0.165675612,0.121816627,-0.217223192,-0.400237660,-0.021662268,-0.374719303,18.111359905
703,11.728395062,-2.796864510,-0.217845976,-0.250903398,-161.953705951,-11.360962873,7.097589864,147.032600523,158.776603775,155.940079190,-3.005204650,-0.524337794,-0.112157109,-175.691831501,-5.016953184,19.605461233,-0.168871433,0.122726301,-0.216898925,-0.403325469,-0.021278847,-0.381062710,18.312976293
704,11.745078412,-2.799608707,-0.216060355,-0.251571327,-162.100405983,-11.358647048,7.031563915,146.831302496,158.900743941,155.657433611,-3.005577928,-0.532048756,-0.114058212,-175.816258036,-5.078003095,19.891458497,-0.171541164,0.123430929,-0.215679909,-0.404914623,-0.021292695,-0.386211871,18.476138906
705,11.761761762,-2.800930262,-0.214211509,-0.252371192,-162.165946769,-11.370629708,6.956998774,146.709671123,158.949317923,155.456457951,-3.005432062,-0.536866911,-0.116157861,-175.881601066,-5.153257561,20.070679092,-0.172797076,0.124267240,-0.214503792,-0.405562695,-0.020721391,-0.389609517,18.597516858
706,11.778445112,-2.801565886,-0.213135600,-0.253806740,-162.202710043,-11.416518733,6.907763248,146.548267540,158.955988689,155.249324546,-3.005841187,-0.541206321,-0.119445594,-175.982978766,-5.265479255,20.228880005,-0.173460368,0.125416372,-0.213991421,-0.406726161,-0.019300646,-0.392842720,18.727204237
707,11.795128462,-2.802688360,-0.212403998,-0.256660283,-162.279449016,-11.516750635,6.866628449,146.200566593,158.967027404,154.868411098,-3.007426578,-0.549241085,-0.125832302,-176.221066745,-5.473268618,20.518840804,-0.174728009,0.127457905,-0.213934312,-0.409733518,-0.016466797,-0.398791840,18.967399830
708,11.811811812,-2.804357290,-0.210369796,-0.261057287,-162.386858634,-11.666384666,6.766512899,145.691423851,158.976178025,154.271477694,-3.009228475,-0.561590353,-0.135928839,-176.560119574,-5.806475026,20.967674624,-0.176569913,0.130760223,-0.213233610,-0.413792145,-0.011946849,-0.408021898,19.348540001
709,11.828495162,-2.805945873,-0.207447603,-0.266290188,-162.487956244,-11.844236908,6.625887930,145.125409744,158.963139041,153.581943069,-3.010804142,-0.575355029,-0.148117423,-176.931340133,-6.211650579,21.470669086,-0.178343868,0.134783319,-0.212077330,-0.418003649,-0.006323325,-0.418476217,19.796574119
710,11.845178512,-2.807616472,-0.204441860,-0.271158516,-162.590929416,-12.006853067,6.484621285,144.592748882,158.958056688,152.922247151,-3.012062054,-0.588546685,-0.159720609,-177.281236212,-6.595021736,21.955523245,-0.180178989,0.138567564,-0.210799355,-0.421877417,-0.000994956,-0.428483244,20.232007891
711,11.861861862,-2.809880257,-0.201828167,-0.275674939,-162.729161527,-12.154099699,6.364162353,144.042105901,158.988352718,152.258880529,-3.013515034,-0.602348126,-0.170895216,-177.653877870,-6.954263495,22.464314077,-0.182612855,0.142025213,-0.209702729,-0.426121148,0.003955451,-0.438758510,20.674818775
712,11.878545212,-2.812174320,-0.198581174,-0.280219972,-162.864312095,-12.298812100,6.218506965,143.500670573,159.015674242,151.579122706,-3.014507664,-0.616315012,-0.182441356,-178.016167214,-7.326987822,22.982690846,-0.185050444,0.145606874,-0.208181940,-0.430044265,0.009105099,-0.449219601,21.137963861
713,11.895228562,-2.814531326,-0.195303947,-0.284918070,-163.004128424,-12.449039309,6.071679557,142.938071648,159.041669702,150.877001173,-3.015469598,-0.630627113,-0.194598126,-178.397287403,-7.715457217,23.516047837,-0.187570052,0.149290911,-0.206665627,-0.434122735,0.014581824,-0.459970074,21.622535949
714,11.911911912,-2.817655087,-0.191454053,-0.289335996,-163.181735080,-12.580398549,5.907215202,142.356785536,159.106599692,150.131104005,-3.016138551,-0.646357524,-0.206830854,-178.793280099,-8.100978484,24.105590327,-0.190810722,0.152856754,-0.204684454,-0.438279498,0.019869453,-0.471621335,22.151012336
715,11.928595262,-2.820228577,-0.187816679,-0.294063002,-163.331840895,-12.728690612,5.747929082,141.778486330,159.137698947,149.398603809,-3.016745318,-0.661162879,-0.219736428,-179.191080352,-8.506947717,24.663314595,-0.193548517,0.156605416,-0.202924512,-0.442349567,0.025726730,-0.482780634,22.673131167
716,11.945278612,-2.822423220,-0.184093535,-0.299123466,-163.462005095,-12.892072967,5.582299381,141.197603901,159.142056578,148.661305736,-3.017164063,-0.675487890,-0.233432548,-179.591848147,-8.938277850,25.206866289,-0.195941105,0.160600700,-0.201180506,-0.446297562,0.032155771,-0.493759586,23.201586672
717,11.961961962,-2.823559999,-0.179168269,-0.304140955,-163.521377532,-13.054126277,5.363324035,140.737225926,159.090327765,147.998867747,-3.016323418,-0.687175473,-0.246531984,-179.887991617,-9.370263737,25.658857994,-0.197223846,0.164804876,-0.198661385,-0.448553732,0.038619369,-0.503143636,23.689932868
718,11.978645312,-2.824874163,-0.174216151,-0.309618860,-163.594234651,-13.232950938,5.142248592,140.219613574,159.037383377,147.277785538,-3.015558236,-0.699863322,-0.260960055,179.769767490,-9.839183790,26.152071453,-0.198735442,0.169315236,-0.196196554,-0.451264309,0.045763254,-0.513326546,24.221396168
719,11.995328662,-2.826294661,-0.169829220,-0.315940678,-163.683972148,-13.447099714,4.941010406,139.599067386,158.973706954,146.476490111,-3.015287875,-0.713787757,-0.277579050,179.340916269,-10.365537895,26.695912320,-0.200469129,0.174289289,-0.194253463,-0.454981195,0.054093252,-0.524525301,24.799672828
720,12.012012012,-2.827411175,-0.165972605,-0.322506577,-163.762536937,-13.675494098,4.758962522,138.970647131,158.890244811,145.689605906,-3.015131661,-0.726936912,-0.294612718,178.899546716,-10.900000461,27.215211055,-0.201963882,0.179342567,-0.192722086,-0.458816289,0.062799882,-0.535265757,25.357687620
721,12.028695362,-2.827503920,-0.161393687,-0.329021990,-163.776068269,-13.904372479,4.542355416,138.457391729,158.755412382,144.991178537,-3.014015458,-0.737272922,-0.310660740,178.557296530,-11.422015002,27.635249746,-0.202416514,0.184521744,-0.190734165,-0.461160277,0.071331168,-0.544229473,25.855452980
722,12.045378712,-2.826884031,-0.156137943,-0.336517930,-163.750040234,-14.172104164,4.289378524,137.936474391,158.564664176,144.259312134,-3.012329890,-0.746987068,-0.328361769,178.220254802,-12.007652023,28.041342417,-0.202236651,0.190505313,-0.188482033,-0.463058284,0.081012080,-0.553124662,26.370264851
723,12.062062062,-2.825805664,-0.151650935,-0.345328718,-163.713304139,-14.497794536,4.058384111,137.323137220,158.326820307,143.466964732,-3.011066747,-0.756746508,-0.348601761,177.808948749,-12.666295501,28.458199167,-0.201782040,0.197260737,-0.186986964,-0.465735391,0.092284881,-0.562355207,26.896120316
724,12.078745412,-2.824418068,-0.147841498,-0.354937345,-163.670318896,-14.859943463,3.848892825,136.659496830,158.058297798,142.652214687,-3.010047856,-0.766094279,-0.370222402,177.355596086,-13.362387725,28.868446501,-0.201154866,0.204451011,-0.186094187,-0.468845371,0.104484663,-0.571482542,27.409859304
725,12.095428762,-2.823148012,-0.143952817,-0.364377171,-163.632846860,-15.214276208,3.637351527,136.016972818,157.796446061,141.854960609,-3.008734892,-0.774984354,-0.391378014,176.918014112,-14.043359269,29.268022323,-0.200657110,0.211538235,-0.185113788,-0.471676919,0.116456666,-0.580276461,27.907238599
726,12.112112112,-2.822053909,-0.139888182,-0.373403072,-163.601641696,-15.550365471,3.421436664,135.413169419,157.548965514,141.088785607,-3.007071173,-0.783350966,-0.411574401,176.509841936,-14.695098503,29.652592957,-0.200316703,0.218370648,-0.183936979,-0.474093303,0.127903738,-0.588635839,28.384325250
727,12.128795462,-2.821135044,-0.135366902,-0.382049292,-163.574486865,-15.868014450,3.189585068,134.849901775,157.314753192,140.344149911,-3.004914448,-0.791365125,-0.430926217,176.134969918,-15.324189286,30.028620864,-0.200122850,0.225019072,-0.182380186,-0.475987142,0.138878688,-0.596708866,28.853046015
728,12.145478812,-2.821336508,-0.131184265,-0.389321923,-163.605584381,-16.127228025,2.986049595,134.307940184,157.159466098,139.632292663,-3.002914703,-0.800193668,-0.448290873,175.759557046,-15.874550967,30.433529082,-0.200938855,0.230628553,-0.180779429,-0.478110942,0.148453799,-0.604943400,29.316087040
729,12.162162162,-2.822489500,-0.126307309,-0.394900769,-163.674046043,-16.311045865,2.769291119,133.848879643,157.080384511,138.973469598,2.999673758,0.809295849,0.462774392,175.440569574,-16.336134630,30.851982417,-0.202513493,0.235167497,-0.178390712,-0.479619908,0.156214130,-0.613122132,29.783827400
730,12.178845512,-2.823751688,-0.121103719,-0.400127679,-163.743894279,-16.478826102,2.542000873,133.420058543,157.012026672,138.331596951,2.993502399,0.817488972,0.476192110,175.144290046,-16.780067497,31.265272130,-0.204162923,0.239516649,-0.175719785,-0.480780644,0.163608171,-0.621129983,30.251400934
731,12.195528862,-2.824104071,-0.115288489,-0.406293035,-163.763019350,-16.685156769,2.278620623,133.010859120,156.880756059,137.686237858,2.988063228,0.824688911,0.490781241,174.879026929,-17.273703785,31.636770709,-0.205007487,0.244646745,-0.172826540,-0.481220072,0.171866819,-0.628552892,30.708616823
732,12.212212212,-2.824586868,-0.110115759,-0.413158566,-163.800724708,-16.921461718,2.039592815,132.520600491,156.739780542,136.985660491,2.981394339,0.831990350,0.506823552,174.543025554,-17.809005806,32.040280461,-0.206103647,0.250126065,-0.170481419,-0.482422590,0.181121733,-0.636498521,31.179779494
733,12.228895562,-2.824965477,-0.104839221,-0.418709666,-163.821864681,-17.106632971,1.801579922,132.154876222,156.622568824,136.405610965,2.976491596,0.838267962,0.519946632,174.303803064,-18.253010686,32.373396522,-0.206961783,0.254743596,-0.167848088,-0.482694914,0.188604298,-0.643055880,31.588896142
734,12.245578912,-2.825132132,-0.099496417,-0.423252940,-163.822689586,-17.253393846,1.563703337,131.894828631,156.518415911,135.928883901,2.973142805,0.843583393,0.530700530,174.148603843,-18.623998396,32.641218440,-0.207505672,0.258706204,-0.165006926,-0.482166976,0.194654153,-0.648378814,31.943124731
735,12.262262262,-2.824760199,-0.094368696,-0.428505540,-163.799344735,-17.431856425,1.326873185,131.623175326,156.375022079,135.449990679,2.969891238,0.848078416,0.542265328,173.990550729,-19.025548799,32.882225226,-0.207618070,0.263137547,-0.162447302,-0.481576543,0.201350950,-0.653297901,32.275544653
736,12.278945612,-2.823416948,-0.088472679,-0.435805917,-163.728626518,-17.690974692,1.040681837,131.296718936,156.141755741,134.886307770,2.966433121,0.852072574,0.557078083,173.812885469,-19.545893488,33.118860943,-0.207008492,0.269132724,-0.159743811,-0.480602886,0.210185311,-0.658388979,32.631257245
737,12.295628962,-2.822673798,-0.083906069,-0.443894416,-163.710169834,-17.984667968,0.810432453,130.829169252,155.917068799,134.234485457,2.960684998,0.856531082,0.573786295,173.506882001,-20.114419916,33.423281417,-0.207151519,0.275391233,-0.158051555,-0.481164159,0.220328453,-0.664513214,33.006178517
738,12.312312312,-2.822635174,-0.081069723,-0.450901687,-163.739175630,-18.241960347,0.662438742,130.349864564,155.748384269,133.640177396,2.954342682,0.860610009,0.588599865,173.165609402,-20.606331366,33.725875583,-0.207923983,0.280580986,-0.157323110,-0.482703805,0.229426885,-0.670298428,33.328841481
739,12.328995662,-2.822661400,-0.079212636,-0.455810040,-163.763935918,-18.422582857,0.564709694,130.009772241,155.631871144,133.224723103,2.949819848,0.863358960,0.598949728,172.921324761,-20.949288925,33.937924484,-0.208531147,0.284189147,-0.156898687,-0.483840098,0.235820531,-0.674301094,33.549039309
740,12.345679012,-2.823434591,-0.077645943,-0.458801836,-163.820215661,-18.526182682,0.494492762,129.744906084,155.591610021,132.895440416,2.945905038,0.866480228,0.606211005,172.718426706,-21.183073093,34.143793141,-0.209649631,0.286413934,-0.156324979,-0.484938447,0.240165619,-0.677985638,33.750983672
741,12.362362362,-2.824893951,-0.076579489,-0.459631413,-163.904075585,-18.544732184,0.460890961,129.572268451,155.631412614,132.677947630,2.942836496,0.869746693,0.609832010,172.568740785,-21.289012160,34.328369933,-0.211186141,0.287058911,-0.155704207,-0.485995744,0.242131269,-0.681093980,33.919411299
742,12.379045712,-2.827301025,-0.075911239,-0.458621472,-164.032568440,-18.488868053,0.460605030,129.443830818,155.754583066,132.519802475,2.939819215,0.873790289,0.610829367,172.431578050,-21.297198730,34.531657653,-0.213438339,0.286342325,-0.155014957,-0.487348426,0.242311259,-0.684316173,34.089219553
743,12.395729062,-2.830055237,-0.075415097,-0.456615597,-164.175086522,-18.393440927,0.474779669,129.354346396,155.915962812,132.407251066,2.937114554,0.878015861,0.610246025,172.316084107,-21.249125031,34.730336759,-0.215912993,0.284908464,-0.154264593,-0.488700801,0.241437652,-0.687373119,34.250499093
744,12.412412412,-2.832744360,-0.075410895,-0.453900635,-164.312171303,-18.273540486,0.511261219,129.313021106,156.092106520,132.362859158,2.935061922,0.881654658,0.608075898,172.234756580,-21.147808004,34.890887711,-0.218244630,0.282921886,-0.153728425,-0.489977510,0.239612777,-0.689728985,34.369871597
745,12.429095762,-2.835337639,-0.075317733,-0.451255053,-164.443449591,-18.156448834,0.542608700,129.276197964,156.262515798,132.319485332,2.933116493,0.885210741,0.605973769,172.159477180,-21.049992091,35.046383619,-0.220490266,0.281005319,-0.153147330,-0.491156936,0.237832542,-0.692020538,34.488483232
746,12.445779112,-2.838320971,-0.074371077,-0.448774517,-164.592237109,-18.039304037,0.541661512,129.207397083,156.444072562,132.209294394,2.930538922,0.889944864,0.604928839,172.058991825,-20.985592912,35.257954584,-0.223129740,0.279323262,-0.152010185,-0.492308578,0.236556834,-0.695294494,34.673743521
747,12.462462462,-2.841893673,-0.073856607,-0.447855055,-164.791243070,-17.981985168,0.557145334,128.947009800,156.612437628,131.924404490,2.924983701,0.895920203,0.607900750,171.794502847,-21.039873256,35.585842241,-0.226561555,0.278573510,-0.151411244,-0.494944216,0.237860492,-0.700530823,34.943233274
748,12.479145812,-2.845958710,-0.074036606,-0.449626535,-165.045586316,-18.029876740,0.594626788,128.407054651,156.735285458,131.387441169,2.915287577,0.903104738,0.617184953,171.294911430,-21.285279537,36.062981912,-0.230833838,0.279467654,-0.151717776,-0.499606843,0.243318693,-0.708296987,35.317406251
749,12.495829162,-2.848776579,-0.074089177,-0.454361528,-165.249094823,-18.198286644,0.604271129,127.757808855,156.732677741,130.737361892,2.904826990,0.908960171,0.631078510,170.730994089,-21.693960864,36.531009329,-0.234236144,0.282432578,-0.152470066,-0.504267218,0.252025031,-0.716068490,35.689029655
750,12.512512513,-2.850145340,-0.075074084,-0.460921973,-165.390007946,-18.449452043,0.632324956,127.092063996,156.625360396,130.109758371,2.894996669,0.912146917,0.646484251,170.173566976,-22.165670281,36.906245467,-0.236455161,0.286539859,-0.154192043,-0.508746680,0.262154580,-0.722309884,35.959713241
751,12.529195863,-2.851505041,-0.076284066,-0.468231529,-165.539476679,-18.730304957,0.667566902,126.370236761,156.496863864,129.435083368,2.884454639,0.915066573,0.663292738,169.569975776,-22.682701642,37.299813381,-0.238780347,0.291102063,-0.156188243,-0.513519425,0.273335753,-0.728751004,36.233523349
752,12.545879213,-2.853243351,-0.076666765,-0.474346668,-165.695812412,-18.958449966,0.677838845,125.725079913,156.410178912,128.803419056,2.874773631,0.918544110,0.678328748,169.023992061,-23.142605796,37.693242491,-0.241322314,0.294981870,-0.157417463,-0.517621425,0.283238968,-0.735094974,36.524605109
753,12.562562563,-2.855600357,-0.075422280,-0.478761613,-165.861623504,-19.109390584,0.634263107,125.184612709,156.387174977,128.210508016,2.866170887,0.923411056,0.691199368,168.557224030,-23.532201856,38.106437090,-0.244228819,0.297964993,-0.157254679,-0.520703785,0.291417329,-0.741734351,36.872301406
754,12.579245913,-2.859149933,-0.072039232,-0.482084036,-166.071223868,-19.201268181,0.519271659,124.651903358,156.434063882,127.538545135,2.856971729,0.930962673,0.704274902,168.082607419,-23.921266871,38.630358781,-0.248137637,0.300503007,-0.155446443,-0.523286222,0.299300155,-0.750155149,37.363157072
755,12.595929263,-2.863280058,-0.069265932,-0.484841198,-166.315674722,-19.271102193,0.437507367,124.083791405,156.516080714,126.855348212,2.846876720,0.938828598,0.717201453,167.558471420,-24.292550608,39.190344378,-0.252565185,0.302516929,-0.153937459,-0.526525654,0.307156044,-0.758986424,37.868628783
756,12.612612613,-2.867027283,-0.068214148,-0.488464624,-166.559363017,-19.384353591,0.420086116,123.449493828,156.560004597,126.175415255,2.836094263,0.945047354,0.731051494,166.975008850,-24.690033266,39.720729147,-0.256765327,0.304831235,-0.153733832,-0.530606782,0.316027022,-0.767141858,38.302195279
757,12.629295963,-2.870249748,-0.068243779,-0.492558122,-166.785417895,-19.523270114,0.440771702,122.810296317,156.570352157,125.534340786,2.825572622,0.949720108,0.744837511,166.389685857,-25.087812798,40.198522795,-0.260531564,0.307303050,-0.154343351,-0.534889093,0.325160410,-0.774315082,38.661951894
758,12.645979313,-2.872831821,-0.067966931,-0.497518390,-166.979153850,-19.697466713,0.440580288,122.183917361,156.531350559,124.894477665,2.815684077,0.953443859,0.759344041,165.829707687,-25.520965703,40.638886252,-0.263779762,0.310438905,-0.154909993,-0.538606332,0.334889846,-0.780851498,38.993012529
759,12.662662663,-2.875483274,-0.065685786,-0.503490448,-167.169770949,-19.901113465,0.357143106,121.525156217,156.463357488,124.142360734,2.805409480,0.958091645,0.776405005,165.252637343,-26.046536674,41.140631981,-0.267209466,0.314571251,-0.154309168,-0.541494759,0.346138473,-0.788346681,39.415552705
760,12.679346013,-2.877556562,-0.063287720,-0.509522378,-167.326338122,-20.109816082,0.263720357,120.930647757,156.370465140,123.450518122,2.796405681,0.961759799,0.792522774,164.740386023,-26.552229213,41.579700787,-0.270082196,0.318797611,-0.153657651,-0.543698838,0.356843792,-0.794809411,39.786637957
761,12.696029363,-2.879927397,-0.062803335,-0.515675366,-167.518455141,-20.329276742,0.252095477,120.256975253,156.283863554,122.755507556,2.786174036,0.964497009,0.808963154,164.144159208,-27.055642288,42.026791784,-0.273311942,0.322749736,-0.154288383,-0.547137941,0.368140126,-0.801081463,40.108170215
762,12.712712713,-2.882682323,-0.063303806,-0.522631168,-167.750112101,-20.580749824,0.283745678,119.469090241,156.186186865,121.985120540,2.774255885,0.966784290,0.827395599,163.439272001,-27.615137800,42.522127857,-0.277067886,0.327025620,-0.155692486,-0.551526188,0.381071776,-0.807766822,40.430275044
763,12.729396063,-2.885512590,-0.063414603,-0.530678570,-167.994488883,-20.871171835,0.298980699,118.614089181,156.056574439,121.132050367,2.761539326,0.968840494,0.848034259,162.679928616,-28.250393184,43.055106198,-0.281067229,0.332068386,-0.157013410,-0.555850111,0.395619912,-0.814777486,40.776140179
764,12.746079413,-2.886760712,-0.063448198,-0.539535880,-168.153553404,-21.201279056,0.293413909,117.889265082,155.847355366,120.407470866,2.751747562,0.968530784,0.866955823,162.071149068,-28.861253958,43.430040346,-0.283633361,0.337767996,-0.158460779,-0.558723069,0.409173764,-0.819367496,40.985393323
765,12.762762763,-2.886071444,-0.064427495,-0.549019396,-168.213649661,-21.570706141,0.304765913,117.324526199,155.554771304,119.882197140,2.745488380,0.965063511,0.882788324,161.645228328,-29.404894932,43.588884640,-0.284410131,0.343865123,-0.160693681,-0.560395857,0.420904529,-0.820732304,40.989348093
766,12.779446113,-2.885300159,-0.065578863,-0.558634460,-168.273726578,-21.946116021,0.322755532,116.766044431,155.254740810,119.370102976,2.739452744,0.961178532,0.898386471,161.229891118,-29.945026687,43.730261778,-0.285156342,0.350023376,-0.163063548,-0.561985724,0.432555251,-0.821740358,40.968160031
767,12.796129463,-2.885124922,-0.065779127,-0.568171620,-168.361783549,-22.310740490,0.309543416,116.179151822,154.974358876,118.791318462,2.732732384,0.958285342,0.914933923,160.783050506,-30.513122098,43.935849282,-0.286492980,0.356239465,-0.164771190,-0.563405101,0.444727115,-0.823619514,41.015120021
768,12.812812813,-2.885315657,-0.064364977,-0.576589525,-168.446649101,-22.623931464,0.237216102,115.667852690,154.735529193,118.223711685,2.726742399,0.956794886,0.930345071,160.395271744,-31.044179587,44.165784302,-0.288010000,0.361962314,-0.165213653,-0.563946445,0.455778593,-0.826007625,41.128523544
769,12.829496163,-2.886165857,-0.064117640,-0.583800435,-168.570556627,-22.891111279,0.223865931,115.141418121,154.552178746,117.686709130,2.720064405,0.955525493,0.944469595,159.967986164,-31.516130518,44.417736334,-0.290024741,0.366638282,-0.166207634,-0.565393962,0.466101078,-0.828570427,41.237259163
770,12.846179513,-2.887568951,-0.065906540,-0.590617120,-168.744178218,-23.146866725,0.302832057,114.540549625,154.397555996,117.155559762,2.712070591,0.953626519,0.958349867,159.453346387,-31.963863347,44.688895572,-0.292573401,0.370659188,-0.168463428,-0.568255101,0.476651383,-0.831079489,41.308136245
771,12.862862863,-2.889490843,-0.067990847,-0.596944571,-168.948036615,-23.380952080,0.402240054,113.912261094,154.271768314,116.608147710,2.703392702,0.952051391,0.972204542,158.898320967,-32.401468617,44.996485793,-0.295574182,0.374259844,-0.170813832,-0.571536556,0.487264461,-0.833962363,41.400820368
772,12.879546213,-2.890581846,-0.069755569,-0.602235734,-169.088932295,-23.579849931,0.480745117,113.445036536,154.149534208,116.209825328,2.697265519,0.950110508,0.982699405,158.497672303,-32.741560952,45.194720156,-0.297581510,0.377308584,-0.172808130,-0.573824706,0.495402143,-0.835560817,41.431450995
773,12.896229563,-2.891778469,-0.070085227,-0.605412841,-169.199224924,-23.692634786,0.504752401,113.124709599,154.091388353,115.901410393,2.692747837,0.949788355,0.990184982,158.211965719,-32.979077161,45.379014448,-0.299314156,0.379212222,-0.173504529,-0.575179058,0.501013884,-0.837385190,41.515284464
774,12.912912913,-2.892860413,-0.070870347,-0.605461419,-169.272540503,-23.689529033,0.550608944,112.988780934,154.122909258,115.795525238,2.690302435,0.950300394,0.992186254,158.064098024,-33.024271542,45.485828953,-0.300410591,0.379013824,-0.173993550,-0.576436860,0.502615084,-0.838582019,41.573298114
775,12.929596263,-2.894844294,-0.070640393,-0.603207827,-169.364164995,-23.589471272,0.568683356,112.912164823,154.249177809,115.707889136,2.687756039,0.953079804,0.992427852,157.931388413,-32.990890347,45.658852635,-0.301991032,0.377409794,-0.173406341,-0.577642662,0.502637785,-0.841011870,41.738047823
776,12.946279613,-2.897181511,-0.071964711,-0.601129532,-169.494369879,-23.498916633,0.654872504,112.751077013,154.381743885,115.596895602,2.683898306,0.955236981,0.993329811,157.711687004,-32.967852615,45.854907511,-0.303983505,0.375627061,-0.173860306,-0.579994437,0.503453298,-0.843498370,41.878575622
777,12.962962963,-2.900177002,-0.074201934,-0.600730777,-169.691706881,-23.469952719,0.784369485,112.398291550,154.483804388,115.329512874,2.677337768,0.956776404,0.998173953,157.316500784,-33.065983085,46.144499839,-0.306932281,0.374724005,-0.175165986,-0.583482620,0.507394144,-0.846769116,42.042670366
778,12.979646313,-2.902305365,-0.077889517,-0.601674557,-169.866718807,-23.502267267,0.961362535,112.027625964,154.520526287,115.102195377,2.671278429,0.956182487,1.003200278,156.931956721,-33.184834052,46.348962477,-0.309279598,0.374525257,-0.177672514,-0.587201214,0.511830152,-0.848616935,42.089035174
779,12.996329663,-2.903354168,-0.081375949,-0.604313552,-169.994692580,-23.605183049,1.115175440,111.681568222,154.474116483,114.892528936,2.666471920,0.954041954,1.008859218,156.609751374,-33.351314177,46.470044121,-0.310842816,0.375555449,-0.180358005,-0.590091516,0.516778148,-0.849228206,42.054637649
780,13.013013013,-2.904216290,-0.085410289,-0.608659565,-170.137526363,-23.774973682,1.288047377,111.246696822,154.370735148,114.615756512,2.660888286,0.950672993,1.016754136,156.225843462,-33.600860661,46.594282085,-0.312530477,0.377615034,-0.183685651,-0.593225874,0.523566634,-0.849524630,41.984235190
781,13.029696363,-2.905037165,-0.090048708,-0.614183128,-170.299390577,-23.990559151,1.485101030,110.737907514,154.230369556,114.288815211,2.654571398,0.946355691,1.026249994,155.785996427,-33.908454020,46.725367631,-0.314405293,0.380336802,-0.187599871,-0.596688456,0.531731738,-0.849595746,41.886336562
782,13.046379713,-2.906356812,-0.095008947,-0.618774891,-170.485445962,-24.167485943,1.703272266,110.221979150,154.132046018,113.966649324,2.647740543,0.942600754,1.035130423,155.319034178,-34.183215909,46.888526875,-0.316636091,0.382352675,-0.191551321,-0.600606882,0.539503829,-0.850085319,41.818128708
783,13.063063063,-2.907743454,-0.099007897,-0.621476889,-170.643981093,-24.269462921,1.884341944,109.827367277,154.091816294,113.727672762,2.642172166,0.940235302,1.041344205,154.944777789,-34.363918035,47.037662796,-0.318589369,0.383299587,-0.194559075,-0.603933755,0.545052608,-0.850805477,41.791678971
784,13.079746413,-2.908977747,-0.102140851,-0.623500109,-170.776503907,-24.344247121,2.028318981,109.507423935,154.066920125,113.529342947,2.637573214,0.938508828,1.046364373,154.637331777,-34.507888462,47.168873806,-0.320254527,0.383966389,-0.196892192,-0.606628918,0.549523720,-0.851526645,41.783255040
785,13.096429763,-2.910269737,-0.104834415,-0.626433611,-170.919344611,-24.450933872,2.154593107,109.141993043,154.014794646,113.268052856,2.632513984,0.936588769,1.053006434,154.297421801,-34.711186927,47.325311530,-0.322127908,0.385289152,-0.199079710,-0.609127807,0.555164832,-0.852414879,41.789092429
786,13.113113113,-2.911102295,-0.107844248,-0.630660832,-171.054866661,-24.610166925,2.288231832,108.750159107,153.910047997,112.993359994,2.627630192,0.933483286,1.060586814,153.956802540,-34.960093449,47.446743195,-0.323788846,0.387434638,-0.201699951,-0.611481477,0.561637891,-0.852606230,41.740909274
787,13.129796463,-2.912020445,-0.111437164,-0.635006309,-171.204610316,-24.774185859,2.447716572,108.330628999,153.804015201,112.713678702,2.622376761,0.930013093,1.068339565,153.589182428,-35.213016868,47.570820254,-0.325581575,0.389547982,-0.204715231,-0.614190920,0.568387803,-0.852684630,41.678955442
788,13.146479813,-2.912582636,-0.115392491,-0.639069915,-171.334770309,-24.931161198,2.618531080,107.958000949,153.697106444,112.495586727,2.617914100,0.926200100,1.074791246,153.269328355,-35.427233244,47.646378865,-0.326991853,0.391449447,-0.207935053,-0.616827417,0.574240031,-0.852192764,41.578107808
789,13.163163163,-2.913284063,-0.118615486,-0.642919004,-171.463287781,-25.076566880,2.761189934,107.600575936,153.599444932,112.263639934,2.613550447,0.922945693,1.081318244,152.960118020,-35.643710843,47.740565611,-0.328486092,0.393321302,-0.210632646,-0.619122650,0.580003823,-0.852022070,41.510524108
790,13.179846513,-2.914073229,-0.120628834,-0.645848513,-171.571959119,-25.183582314,2.854987032,107.312407309,153.531073932,112.053248589,2.609886811,0.920843064,1.086877701,152.705407860,-35.825824001,47.843647282,-0.329866128,0.394794793,-0.212385322,-0.620776205,0.584758744,-0.852275535,41.491146190
791,13.196529863,-2.915158987,-0.120853841,-0.647688806,-171.663746967,-25.242864729,2.878125572,107.092959789,153.502194928,111.840866985,2.606758157,0.920437773,1.091803412,152.498921847,-35.981453172,47.983047324,-0.331283720,0.395839173,-0.212779213,-0.621611524,0.588623855,-0.853376555,41.555141187
792,13.213213213,-2.916265011,-0.122200035,-0.648421645,-171.755429791,-25.263551935,2.948199054,106.902071794,153.509419803,111.700985900,2.603769908,0.920025628,1.094895621,152.302778206,-36.065524700,48.098088379,-0.332558725,0.395979059,-0.213727352,-0.623094212,0.591304840,-0.854255578,41.596135886
793,13.229896563,-2.917155743,-0.123618431,-0.648418367,-171.825422386,-25.258934314,3.018463223,106.770894951,153.534066966,111.623964110,2.601538297,0.919830311,1.096447997,152.157875328,-36.097300385,48.179705011,-0.333489470,0.395653385,-0.214613836,-0.624481455,0.592804948,-0.854909201,41.624381410
794,13.246579913,-2.916797400,-0.125787884,-0.649248779,-171.840359133,-25.298146248,3.104560282,106.714170373,153.501200947,111.652910327,2.601156297,0.918003822,1.096456840,152.118572808,-36.101932649,48.128227942,-0.333362219,0.395856016,-0.216181018,-0.625457828,0.593303405,-0.853872545,41.526252810
795,13.263263263,-2.916033030,-0.128477350,-0.651857436,-171.860909675,-25.408128979,3.207756480,106.596718474,153.402786548,111.642239019,2.600565780,0.914680765,1.098112317,152.052197731,-36.177798600,48.049708856,-0.333178632,0.397153709,-0.218391526,-0.626437883,0.595225137,-0.852114067,41.367041213
796,13.279946613,-2.914506197,-0.132261172,-0.656114638,-171.871518978,-25.588687498,3.347790733,106.449776386,153.234442858,111.646410652,2.600342621,0.909402772,1.100351864,151.993289432,-36.293134820,47.897609173,-0.332588858,0.399400400,-0.221617070,-0.627516558,0.597878156,-0.849079797,41.103923851
797,13.296629963,-2.912912846,-0.136227980,-0.661238074,-171.893354624,-25.802345987,3.495408206,106.260657790,153.037632842,111.615850860,2.599774269,0.903507238,1.103656289,151.907485772,-36.450323769,47.746677702,-0.332111376,0.402180406,-0.225104971,-0.628645124,0.601417260,-0.845852302,40.823945630
798,13.313313313,-2.911546230,-0.139472425,-0.665444493,-171.908765444,-25.978260796,3.615777000,106.111779953,152.874671949,111.596891010,2.599418333,0.898632851,1.106236113,151.844824291,-36.576242357,47.616266661,-0.331670691,0.404470929,-0.227964119,-0.629529648,0.604222244,-0.843133376,40.590700438
799,13.329996663,-2.910233498,-0.141226053,-0.668409407,-171.892600851,-26.104337473,3.673980465,106.056930703,152.750260465,111.613401736,2.600013976,0.895261602,1.107456636,151.856280417,-36.652507437,47.492447218,-0.330998036,0.406209876,-0.229648348,-0.629630292,0.605623122,-0.840963771,40.415161402
800,13.346680013,-2.909044266,-0.142916322,-0.670255125,-171.867880566,-26.187784202,3.730664006,106.046915983,152.664035770,111.672078716,2.600889160,0.892618685,1.107349557,151.892443200,-36.675198728,47.370054305,-0.330237260,0.407227837,-0.231107065,-0.629802217,0.605960218,-0.839046310,40.262137506
801,13.363363363,-2.908355474,-0.144570842,-0.671472549,-171.864242426,-26.243186279,3.792021881,106.016566765,152.610319266,111.708090171,2.601094899,0.890650119,1.107360417,151.890848582,-36.689655988,47.294212507,-0.329853299,0.407798790,-0.232417806,-0.630285782,0.606365189,-0.837749363,40.154053604
802,13.380046713,-2.908286333,-0.146149471,-0.672573924,-171.895419746,-26.288167975,3.858145673,105.928771517,152.576087077,111.682475750,2.600194851,0.889167297,1.108454082,151.821365710,-36.729810954,47.283301923,-0.330058663,0.408247183,-0.233629574,-0.631118138,0.607585223,-0.837167798,40.095378353
803,13.396730063,-2.909028053,-0.146890938,-0.673096418,-171.956712488,-26.301991976,3.899170542,105.805984505,152.579679764,111.587357901,2.598296641,0.888940164,1.110512562,151.696561532,-36.787933296,47.359871517,-0.330922566,0.408385118,-0.234160545,-0.631991895,0.609350245,-0.837746638,40.125096357
804,13.413413413,-2.908996344,-0.148028553,-0.673782706,-171.978890749,-26.330203156,3.947052169,105.746289466,152.558827408,111.572423966,2.597663334,0.887940747,1.111181696,151.648046824,-36.811963784,47.352692119,-0.331069118,0.408637218,-0.235015460,-0.632604476,0.610136256,-0.837354632,40.085308510
805,13.430096763,-2.908536434,-0.148889974,-0.675598204,-171.987815796,-26.403606368,3.978498221,105.681674192,152.491275317,111.542578746,2.597438270,0.886193869,1.112647409,151.619760589,-36.877978994,47.315070928,-0.330995650,0.409704503,-0.235891348,-0.632761867,0.611504543,-0.836455845,40.009651192
806,13.446780113,-2.908264637,-0.149017408,-0.678501427,-172.014210944,-26.513644746,3.982170222,105.561420461,152.393440362,111.427879853,2.596634035,0.884330998,1.116158200,151.552309657,-37.019087320,47.315506158,-0.331286256,0.411577039,-0.236450928,-0.632581666,0.614316824,-0.835841408,39.955613680
807,13.463463463,-2.907961845,-0.149248123,-0.682278395,-172.052740552,-26.656399727,3.990499604,105.398852090,152.267475411,111.274988986,2.595487005,0.881892678,1.120785800,151.458190786,-37.203994562,47.319730283,-0.331721128,0.413996648,-0.237218563,-0.632405941,0.618038329,-0.835064225,39.886102253
808,13.480146813,-2.907079935,-0.149984121,-0.686657369,-172.071963128,-26.828110168,4.013221102,105.254778654,152.108539601,111.161630053,2.595013344,0.878493601,1.124977192,151.401287983,-37.386444044,47.263154615,-0.331725590,0.416775179,-0.238441859,-0.632136247,0.621551422,-0.833450609,39.753035965
809,13.496830163,-2.905785322,-0.151953638,-0.691417456,-172.088512816,-27.020639323,4.083200441,105.104205692,151.928833312,111.091144188,2.594735427,0.873978470,1.128602154,151.350175121,-37.555759041,47.154026747,-0.331455491,0.419631426,-0.240553740,-0.632304534,0.624914443,-0.831019864,39.552379073
810,13.513513514,-2.904583693,-0.154394284,-0.695926726,-172.114084799,-27.204004882,4.174495936,104.944886041,151.760045281,111.030318105,2.594232660,0.869406473,1.131938015,151.285063221,-37.711153704,47.046747033,-0.331256967,0.422237551,-0.242929323,-0.632806116,0.628157507,-0.828583277,39.348724010
811,13.530196864,-2.904000998,-0.157844558,-0.699241698,-172.173737399,-27.339272338,4.316172949,104.755508095,151.645811372,110.977914002,2.592740131,0.865346320,1.134596985,151.159924184,-37.823370916,46.982420618,-0.331487600,0.423842024,-0.245742941,-0.634303950,0.631081916,-0.826670388,39.177632821
812,13.546880214,-2.903719425,-0.159425139,-0.701441050,-172.210604812,-27.426351221,4.381692565,104.637206500,151.571715334,110.922404593,2.591807024,0.863080807,1.136701128,151.083583564,-37.909823472,46.957060277,-0.331715940,0.425015703,-0.247140555,-0.634949722,0.633127268,-0.825688709,39.089740578
813,13.563563564,-2.903711081,-0.159713298,-0.703298986,-172.241672006,-27.495314304,4.395707986,104.540651406,151.513414386,110.837205131,2.590970558,0.861842021,1.139129456,151.020346747,-38.004283303,46.968895936,-0.332089542,0.426161034,-0.247624075,-0.635023068,0.635123194,-0.825363630,39.057887130
814,13.580246914,-2.903683662,-0.160539657,-0.705457211,-172.283479673,-27.576596435,4.432743147,104.418158388,151.445883714,110.747284165,2.589866612,0.860130864,1.141801694,150.936558704,-38.108079238,46.975757466,-0.332529802,0.427409635,-0.248507976,-0.635377627,0.637440017,-0.824833482,39.006784064
815,13.596930264,-2.903210878,-0.160919368,-0.708255112,-172.302156834,-27.684994125,4.445584819,104.321553232,151.346461226,110.666649254,2.589477895,0.858023519,1.144570082,150.897017664,-38.227849753,46.945885281,-0.332638963,0.429190468,-0.249225213,-0.635181105,0.639743951,-0.823866799,38.927032496
816,13.613613614,-2.902709961,-0.162248313,-0.711802959,-172.343695641,-27.823129802,4.499453086,104.168114545,151.223994044,110.566604579,2.588520981,0.854956126,1.148066408,150.814331346,-38.375740672,46.909283550,-0.332917459,0.431294436,-0.250683233,-0.635472369,0.642851328,-0.822511768,38.810711684
817,13.630296964,-2.902494669,-0.162881568,-0.716039300,-172.403902518,-27.982030948,4.528627665,103.971478280,151.085859513,110.395364879,2.587044297,0.851990526,1.153132039,150.698412445,-38.579636473,46.912330942,-0.333589443,0.433927926,-0.251779475,-0.635476739,0.647039689,-0.821510744,38.720728306
818,13.646980314,-2.901982784,-0.163989857,-0.719911814,-172.447700240,-28.131563910,4.573858222,103.810755305,150.952481071,110.279397647,2.586090869,0.848818974,1.157028114,150.616028615,-38.744907668,46.876873981,-0.333922000,0.436277823,-0.253144605,-0.635599045,0.650420096,-0.820122403,38.602519665
819,13.663663664,-2.901118755,-0.165509015,-0.722961366,-172.463704611,-28.255430219,4.630949220,103.714097085,150.837019698,110.244474356,2.585938214,0.845730072,1.159083665,150.587283538,-38.846146431,46.795593233,-0.333762593,0.438067167,-0.254667611,-0.635808571,0.652442317,-0.818392704,38.461765341
820,13.680347014,-2.899362564,-0.167826325,-0.725530863,-172.429895859,-28.372805381,4.709380272,103.708081314,150.715965202,110.333690984,2.587251474,0.842030798,1.158693149,150.651795553,-38.871987525,46.613757654,-0.332665279,0.439508113,-0.256686898,-0.636018254,0.652728935,-0.815644789,38.249118460
821,13.697030364,-2.897296906,-0.170259297,-0.728767037,-172.389893486,-28.518239325,4.789549273,103.697253090,150.566432661,110.423476523,2.588793184,0.837699603,1.158596176,150.728220089,-38.916773040,46.404687288,-0.331409485,0.441390842,-0.258905890,-0.636089649,0.653287870,-0.812461029,38.004660127
822,13.713713714,-2.894717693,-0.173091069,-0.733213305,-172.344221690,-28.714444566,4.881602495,103.668323956,150.366681366,110.512233576,2.590602814,0.832149296,1.159073078,150.816340153,-38.996214100,46.148933320,-0.329923087,0.444038466,-0.261607826,-0.636044873,0.654416923,-0.808483446,37.700613024
823,13.730397064,-2.892104387,-0.175691888,-0.738040626,-172.300169232,-28.924693498,4.964047395,103.629103724,150.153806378,110.581859632,2.592373713,0.826464991,1.160056763,150.902605914,-39.096455307,45.894905274,-0.328480283,0.446975539,-0.264222827,-0.635834613,0.655899524,-0.804479759,37.396335680
824,13.747080414,-2.889536619,-0.177447841,-0.743776202,-172.262088280,-29.166149597,5.012305024,103.563316211,149.912291244,110.591612963,2.594003750,0.820693785,1.162488749,150.981350304,-39.253885365,45.658392696,-0.327240841,0.450636704,-0.266427094,-0.635106980,0.658336651,-0.800599121,37.102248958
825,13.763763764,-2.887385130,-0.178986207,-0.750256956,-172.259181529,-29.429914384,5.058532662,103.427913830,149.657467436,110.522255840,2.594720113,0.814809518,1.166640903,151.001739258,-39.470240833,45.467784751,-0.326571409,0.454769693,-0.268582886,-0.634428934,0.662083504,-0.797052918,36.827987597
826,13.780447114,-2.885762930,-0.179935589,-0.757082760,-172.286524391,-29.699210778,5.087863388,103.241867236,149.404117182,110.377741128,2.594647430,0.809301668,1.172238236,150.974469937,-39.732959902,45.333660365,-0.326481937,0.459167087,-0.270376105,-0.633655389,0.666828486,-0.794092276,36.593240669
827,13.797130464,-2.884454489,-0.179453060,-0.762864411,-172.295183877,-29.924000092,5.058097780,103.112003287,149.189198508,110.232010299,2.594960700,0.805329733,1.177342713,150.981658286,-39.970148526,45.235903234,-0.326415901,0.463104266,-0.271048025,-0.632268894,0.670824287,-0.791964728,36.425863434
828,13.813813814,-2.882522583,-0.177664772,-0.767979681,-172.235454639,-30.128911385,4.961106988,103.104668235,148.977896144,110.158615177,2.597007038,0.802101303,1.180847435,151.108486508,-40.158457851,45.086048504,-0.325533113,0.466908014,-0.270796600,-0.629836980,0.673238252,-0.789708654,36.260841131
829,13.830497164,-2.879706860,-0.176206589,-0.773803234,-172.138801436,-30.370299680,4.866261388,103.137769485,148.723050771,110.140789278,2.600112615,0.797786182,1.183694749,151.302717667,-40.340056163,44.850937223,-0.323961168,0.471212404,-0.270925271,-0.627091421,0.675227567,-0.786421553,36.023189110
830,13.847180514,-2.876738787,-0.176628560,-0.782016397,-172.102414924,-30.704506191,4.855515019,103.027360609,148.392355724,110.054333509,2.601949639,0.790933385,1.188801430,151.406131897,-40.615215148,44.591023185,-0.322877593,0.476748819,-0.272671777,-0.625186525,0.679482817,-0.782058154,35.690720322
831,13.863863864,-2.873337269,-0.178310275,-0.791935205,-172.089914680,-31.108531989,4.897121846,102.846968794,147.999527507,109.949053098,2.603438668,0.782119324,1.194955565,151.483894228,-40.942491239,44.280725431,-0.321838223,0.483217147,-0.275539693,-0.623663521,0.684897557,-0.776628720,35.272132142
832,13.880547214,-2.869570971,-0.179885209,-0.801712751,-172.053438434,-31.511537278,4.928690810,102.707683276,147.602191360,109.881713454,2.605562723,0.773227977,1.200354072,151.608364625,-41.247230623,43.934051160,-0.320434434,0.489660295,-0.278338973,-0.621908097,0.689694589,-0.770913933,34.837460646
833,13.897230564,-2.865226746,-0.180187359,-0.809665799,-171.930881654,-31.852495637,4.890867804,102.730943814,147.245859080,109.927859377,2.609574452,0.765800673,1.203013937,151.865957497,-41.451567055,43.541744218,-0.318004745,0.495227014,-0.280053653,-0.619287216,0.692001608,-0.765398974,34.436248189
834,13.913913914,-2.861455679,-0.179685146,-0.815472722,-171.793230239,-32.107153346,4.821072033,102.816284334,146.969569882,110.002626886,2.613624377,0.760416305,1.204278002,152.132221631,-41.584463770,43.207543808,-0.315617301,0.499492922,-0.280868680,-0.616666664,0.692977594,-0.761055757,34.128992438
835,13.930597264,-2.858825922,-0.179760545,-0.819989264,-171.712653915,-32.302757842,4.792033424,102.842735453,146.762928868,110.038681573,2.616112725,0.756139845,1.205638828,152.295904702,-41.696064199,42.971350350,-0.314091077,0.502697218,-0.281790561,-0.615055893,0.694147650,-0.757826594,33.897311108
836,13.947280614,-2.856802464,-0.180821210,-0.823341548,-171.665175926,-32.451025868,4.813968274,102.842119694,146.609334986,110.085525681,2.617680717,0.752390739,1.206305061,152.396414426,-41.766039071,42.780775340,-0.312944638,0.504913306,-0.283140824,-0.614428045,0.694999685,-0.755098066,33.700785784
837,13.963963964,-2.854282379,-0.181048557,-0.825959265,-171.560206870,-32.576701730,4.788683283,102.936638966,146.464720626,110.195514034,2.620500214,0.749248659,1.205618090,152.581807885,-41.789890874,42.553349507,-0.311096436,0.506864140,-0.283859398,-0.613139572,0.694576530,-0.752318294,33.512941321
838,13.980647314,-2.851111650,-0.179335639,-0.828749895,-171.385722004,-32.712096808,4.665852798,103.126815913,146.294925617,110.325170461,2.624906990,0.746643444,1.204728903,152.878439866,-41.817374095,42.285949018,-0.308551173,0.509342283,-0.283368191,-0.610374554,0.693517464,-0.749475153,33.331415955
839,13.997330664,-2.847163439,-0.180472270,-0.833898723,-171.253088873,-32.949207975,4.662544867,103.204052694,146.036482120,110.457927797,2.628610191,0.740627894,1.204802000,153.122433138,-41.899796877,41.925276799,-0.305956284,0.512944055,-0.285174077,-0.608744154,0.693972754,-0.744718632,33.003925592
840,14.014014014,-2.843468428,-0.180878624,-0.841993511,-171.178094050,-33.289317653,4.637418397,103.146813000,145.692115933,110.426399320,2.631237076,0.733335380,1.208882445,153.305614892,-42.140976661,41.592546236,-0.304293512,0.518536313,-0.286946048,-0.606544999,0.697417941,-0.739806314,32.644441039
841,14.030697364,-2.839864254,-0.182241827,-0.851177454,-171.146631265,-33.670452472,4.659800683,103.008841015,145.318154672,110.352424012,2.633011684,0.724907747,1.214085185,153.435751399,-42.426792471,41.256322845,-0.303058746,0.524655868,-0.289515469,-0.604865502,0.701997980,-0.734485693,32.246379183
842,14.047380714,-2.837044001,-0.182866767,-0.858467281,-171.117710826,-33.971524223,4.657889158,102.907067503,145.021771913,110.283068594,2.634517733,0.718470061,1.218375603,153.550365846,-42.659126516,40.994876061,-0.302114553,0.529589829,-0.291251329,-0.603275129,0.705642541,-0.730416722,31.941411270
843,14.064064064,-2.835237265,-0.183761016,-0.862948954,-171.104931211,-34.158737865,4.678724626,102.837190883,144.838607864,110.253871607,2.635348428,0.714193451,1.220771114,153.614222159,-42.793608745,40.822499748,-0.301498374,0.532545732,-0.292660403,-0.602571380,0.707825936,-0.727709553,31.740266081
844,14.080747414,-2.834441185,-0.183008432,-0.865471423,-171.089620706,-34.258490868,4.637269828,102.811910160,144.739116645,110.200369307,2.635977178,0.712578670,1.222750464,153.665693661,-42.890352069,40.754992870,-0.301304648,0.534398077,-0.292609581,-0.601516469,0.709222199,-0.726718585,31.662002532
845,14.097430764,-2.833458662,-0.184160262,-0.866720080,-171.072202639,-34.318636276,4.675675605,102.807968635,144.677315470,110.245370593,2.636528950,0.710628569,1.222538279,153.701832729,-42.900856130,40.657911793,-0.300712829,0.535128547,-0.293629882,-0.601651223,0.709380890,-0.725313880,31.566562171
846,14.114114114,-2.831668854,-0.184629843,-0.867926836,-170.991472409,-34.385574980,4.668446449,102.887719878,144.594899043,110.348732245,2.638448468,0.708593110,1.221410345,153.830568977,-42.887383152,40.498052785,-0.299282559,0.536055961,-0.294245966,-0.601019565,0.708656305,-0.723438337,31.450161264
847,14.130797464,-2.829110146,-0.185192764,-0.870285034,-170.886179175,-34.504130457,4.654764416,102.976291058,144.457228382,110.466736070,2.641025742,0.705341892,1.220560958,154.006240777,-42.899378174,40.269469546,-0.297392052,0.537808054,-0.295154734,-0.599992764,0.708199823,-0.720655045,31.272736990
848,14.147480814,-2.825496197,-0.186338291,-0.873500407,-170.741595418,-34.668397257,4.650833396,103.095520521,144.266634579,110.641777188,2.644529268,0.700615939,1.219185323,154.244357415,-42.908396349,39.945018020,-0.294715678,0.540150520,-0.296653489,-0.598772289,0.707511031,-0.716656169,31.020746278
849,14.164164164,-2.820639849,-0.188277364,-0.878380895,-170.565526362,-34.910876086,4.664975498,103.217932784,143.993578668,110.855575443,2.648844685,0.693680761,1.217936440,154.540420728,-42.944272728,39.506104898,-0.291290263,0.543593311,-0.299022814,-0.597335892,0.707172518,-0.711065230,30.667077065
850,14.180847514,-2.815170765,-0.190202698,-0.884717762,-170.379374297,-35.214465913,4.670809115,103.321486135,143.659441571,111.051940761,2.653448375,0.685460615,1.217643942,154.863690643,-43.028650134,39.013871824,-0.287645953,0.548062703,-0.301655871,-0.595504101,0.707613916,-0.704684806,30.261500188
851,14.197530864,-2.810231209,-0.190843329,-0.891294539,-170.208110853,-35.517380604,4.627091587,103.402321651,143.329366212,111.172326033,2.657681429,0.678074006,1.218721583,155.171267109,-43.157532507,38.577156524,-0.284527589,0.552846411,-0.303442335,-0.593118930,0.708789783,-0.699071876,29.900693708
852,14.214214214,-2.806427479,-0.191259250,-0.896792471,-170.083558175,-35.766476916,4.590513839,103.445460650,143.061734607,111.242868381,2.660787618,0.672149798,1.220102828,155.402719885,-43.278381409,38.240441324,-0.282245513,0.556827635,-0.304835937,-0.591204900,0.710112307,-0.694694392,29.617051909
853,14.230897564,-2.804086685,-0.191016406,-0.900497437,-170.003983639,-35.930253993,4.545465362,103.469974640,142.886334046,111.263993234,2.662773333,0.668569070,1.221468037,155.554706091,-43.373024402,38.036121463,-0.280902774,0.559573843,-0.305412984,-0.589695313,0.711200877,-0.692079952,29.444493240
854,14.247580914,-2.802989483,-0.190739840,-0.902396321,-169.966833274,-36.012515118,4.517148466,103.478433818,142.798899719,111.264239559,2.663713312,0.666878214,1.222336693,155.628388863,-43.426558197,37.940976939,-0.280308488,0.560994534,-0.305600726,-0.588873433,0.711848219,-0.690868292,29.362684137
855,14.264264264,-2.802777529,-0.191473275,-0.902533889,-169.970034023,-36.022176668,4.547694045,103.469730966,142.790393533,111.285971412,2.663659202,0.666271350,1.222028112,155.622952987,-43.418109676,37.917106774,-0.280177602,0.560984284,-0.306124177,-0.589219062,0.711806769,-0.690459488,29.339145216
856,14.280947614,-2.803164244,-0.192620084,-0.902094781,-170.007573344,-36.004390488,4.607287621,103.430085307,142.816159981,111.291912561,2.662855665,0.666173134,1.221669256,155.563219043,-43.398560517,37.941112457,-0.280505762,0.560448753,-0.306791354,-0.590131005,0.711816602,-0.690542537,29.344807649
857,14.297630964,-2.803275585,-0.194419995,-0.902459204,-170.056056874,-36.021066304,4.694463338,103.360015366,142.811414585,111.294758660,2.661910881,0.665072121,1.221676717,155.496287550,-43.399683248,37.934040970,-0.280811600,0.560354323,-0.308036816,-0.591249833,0.712298781,-0.690050291,29.310306820
858,14.314314314,-2.802142143,-0.197679982,-0.903456032,-170.066397914,-36.080357890,4.828019004,103.318791531,142.756974329,111.389399467,2.661787464,0.662028722,1.220504970,155.482167183,-43.373575424,37.811254826,-0.280148251,0.560582513,-0.310437178,-0.592671741,0.712278594,-0.688001444,29.192003705
859,14.330997664,-2.800501347,-0.201178387,-0.904485941,-170.050357886,-36.147966279,4.963393387,103.307479752,142.688477172,111.525226841,2.662187979,0.658517097,1.218720078,155.502236761,-43.330202009,37.645701907,-0.279014195,0.560859570,-0.313037524,-0.594023982,0.711854826,-0.685467977,29.053361147
860,14.347681014,-2.799079418,-0.205700815,-0.905570865,-170.069676409,-36.217472342,5.151394172,103.250228222,142.626282171,111.656306435,2.661875397,0.654577435,1.216964056,155.471999470,-43.285962391,37.490400521,-0.278174568,0.560962868,-0.316313340,-0.596102114,0.711720665,-0.682819585,28.909239316
861,14.364364364,-2.798536777,-0.210244671,-0.906099439,-170.134552675,-36.255336383,5.355796279,103.149913690,142.604781857,111.742651137,2.660598257,0.651534577,1.215618279,155.374812186,-43.244905309,37.409347083,-0.278057899,0.560583098,-0.319455160,-0.598626731,0.711886131,-0.681004330,28.812881058
862,14.381047714,-2.797126770,-0.218525156,-0.904368699,-170.172886387,-36.231628636,5.712249367,103.112049964,142.636238219,112.046352917,2.659558358,0.647346804,1.209792558,155.267923409,-43.034957063,37.240653471,-0.276741049,0.558210640,-0.324792719,-0.603303201,0.709524408,-0.677925952,28.696180800
863,14.397731064,-2.796844482,-0.222986937,-0.901345909,-170.181600148,-36.136572502,5.906720848,103.145043113,142.729431997,112.261919145,2.659011964,0.646653122,1.204948535,155.199784306,-42.842427589,37.197275348,-0.275960658,0.555517980,-0.327309620,-0.606212834,0.706875160,-0.677092185,28.703233547
864,14.414414414,-2.796941757,-0.228030503,-0.897741973,-170.214110154,-36.016691665,6.133724637,103.159159573,142.851861348,112.481021657,2.657926306,0.646258056,1.199749317,155.091549025,-42.629545960,37.182324306,-0.275448112,0.552295468,-0.330095112,-0.609690802,0.704076127,-0.676531227,28.731796744
865,14.431097764,-2.798549652,-0.230661884,-0.894368470,-170.298583941,-35.879129436,6.275952114,103.114344335,143.003090099,112.537901892,2.655859873,0.647970408,1.197214355,154.928919631,-42.500476591,37.305804421,-0.276323150,0.549441233,-0.331199847,-0.612298264,0.702686963,-0.677833265,28.833921624
866,14.447781114,-2.798689842,-0.236619592,-0.890482366,-170.346301126,-35.750204496,6.545292913,103.112549886,143.137692265,112.777885795,2.654422241,0.647318293,1.191514160,154.794858869,-42.266492895,37.288115018,-0.275862373,0.545868854,-0.334544477,-0.616375607,0.699712627,-0.677126504,28.863275190
867,14.464464464,-2.798321009,-0.241546884,-0.886817753,-170.346478538,-35.633613160,6.757787075,103.166789528,143.249663678,113.033704271,2.653979471,0.646723100,1.185740285,154.731482255,-42.036406079,37.234995954,-0.274901770,0.542685856,-0.337277400,-0.619567949,0.696423358,-0.676223537,28.884054732
868,14.481147814,-2.797434568,-0.246601507,-0.883716345,-170.328599980,-35.544646783,6.968899899,103.231923972,143.330968552,113.307438505,2.653957377,0.645382911,1.179944196,154.698472395,-41.814032743,37.136990463,-0.273598577,0.539910158,-0.340222779,-0.622563414,0.693167983,-0.674736601,28.876608599
869,14.497831164,-2.796215296,-0.251852065,-0.881321669,-170.308654440,-35.486222134,7.185770171,103.285606411,143.382451461,113.578968596,2.654040079,0.643304163,1.174490111,154.675301568,-41.611599382,37.008939992,-0.272174631,0.537597925,-0.343435258,-0.625478075,0.690247726,-0.672778218,28.844741887
870,14.514514515,-2.795049667,-0.257225484,-0.879613638,-170.309023130,-35.452180991,7.411824612,103.301242377,143.415192488,113.817361735,2.653767694,0.640806144,1.169835510,154.631978062,-41.441668161,36.883473311,-0.270997586,0.535698908,-0.346833492,-0.628442523,0.687989882,-0.670706787,28.803219205
871,14.531197865,-2.793836832,-0.261326998,-0.878576696,-170.295019732,-35.440290486,7.579761488,103.325243855,143.423373461,114.012693346,2.653867870,0.638522646,1.166208534,154.620316109,-41.314118120,36.761321086,-0.269856864,0.534462689,-0.349495442,-0.630546020,0.686222071,-0.668800935,28.759144093
872,14.547881215,-2.792424440,-0.264637947,-0.878115833,-170.264733903,-35.450332533,7.709129558,103.360171992,143.406753531,114.187671337,2.654360442,0.636158780,1.163200063,154.639435511,-41.214879474,36.627165328,-0.268611087,0.533763657,-0.351738242,-0.632029785,0.684753357,-0.666821637,28.704934268
873,14.564564565,-2.791546106,-0.267732710,-0.877455473,-170.259475272,-35.445298267,7.837190523,103.369459430,143.410365353,114.326239050,2.654332615,0.634392119,1.160653101,154.624535481,-41.125831169,36.538431584,-0.267824307,0.532903552,-0.353764622,-0.633627271,0.683567463,-0.665394735,28.674592791
874,14.581247915,-2.790610790,-0.271435380,-0.876251280,-170.252148639,-35.422677293,7.991245912,103.389844506,143.430359461,114.500911974,2.654282169,0.632596698,1.157285017,154.603764123,-41.003943489,36.442622786,-0.266894849,0.531590251,-0.356116394,-0.635616988,0.681884935,-0.663861738,28.652701125
875,14.597931265,-2.790344954,-0.275473505,-0.873494446,-170.261614346,-35.335187023,8.167802575,103.419207522,143.516433122,114.695583724,2.653755226,0.631996251,1.152882530,154.544158482,-40.828110700,36.401552223,-0.266259257,0.529123593,-0.358396923,-0.638207932,0.679421987,-0.663097031,28.682831953
876,14.614614615,-2.790309429,-0.279062778,-0.869727135,-170.255600076,-35.206909999,8.324009693,103.488703765,143.637991771,114.911184478,2.653476483,0.632347223,1.147728192,154.498092363,-40.616771352,36.382471224,-0.265564425,0.526049880,-0.360203566,-0.640673376,0.676225956,-0.662815167,28.743163903
877,14.631297965,-2.790594816,-0.281540275,-0.865727603,-170.242108648,-35.063353836,8.432731514,103.575954537,143.772389226,115.097993311,2.653373932,0.633593024,1.142953046,154.466630308,-40.415173371,36.394990115,-0.265041591,0.522979773,-0.361208166,-0.642586100,0.673026397,-0.663121199,28.821570490
878,14.647981315,-2.790373325,-0.282909304,-0.862357557,-170.187645174,-34.947389092,8.482909612,103.704887487,143.870599774,115.283486961,2.654199723,0.634641503,1.138552430,154.501674578,-40.237057211,36.370870286,-0.264093312,0.520577334,-0.361614557,-0.643530841,0.669874081,-0.663136761,28.876315438
879,14.664664665,-2.790092945,-0.285920471,-0.859098792,-170.165508210,-34.839640909,8.609627820,103.787400387,143.968467135,115.489554879,2.654337000,0.634787762,1.133793649,154.487782815,-40.046167782,36.332164004,-0.263256883,0.517962925,-0.363135635,-0.645468382,0.666853997,-0.662669672,28.921072371
880,14.681348015,-2.790141821,-0.288205057,-0.856351554,-170.159381929,-34.744223148,8.709348768,103.842809819,144.058299282,115.637606265,2.654210181,0.635240678,1.130172096,154.461618343,-39.896571098,36.323726035,-0.262814463,0.515767105,-0.364225416,-0.647064711,0.664535433,-0.662587068,28.967776884
881,14.698031365,-2.789712191,-0.290791035,-0.853146553,-170.120731982,-34.639597347,8.813988405,103.946764010,144.149082032,115.848455232,2.654721094,0.635436034,1.125384582,154.473904296,-39.706980360,36.273803868,-0.261819048,0.513278995,-0.365484553,-0.648649486,0.661391206,-0.662064692,29.008551494
882,14.714714715,-2.789092064,-0.294149786,-0.849069655,-170.068702235,-34.507661215,8.949340252,104.083119296,144.262582388,116.123933182,2.655444612,0.635581551,1.119176092,154.494351097,-39.462397893,36.202851881,-0.260493853,0.510108601,-0.367138822,-0.650662628,0.657317568,-0.661300829,29.058120763
883,14.731398065,-2.787834167,-0.299589276,-0.844221830,-170.004759544,-34.361086490,9.169854210,104.244042840,144.386912007,116.511328342,2.656321776,0.634652016,1.110817903,154.515398846,-39.140778498,36.066998762,-0.258545575,0.506142834,-0.370112783,-0.653711108,0.652086926,-0.659550361,29.100663858
884,14.748081415,-2.786995411,-0.303417355,-0.839043260,-169.927495483,-34.193242897,9.321225664,104.435364341,144.527903312,116.861890053,2.657543413,0.634949365,1.102925960,154.563048858,-38.831379473,35.971449298,-0.256798942,0.502191221,-0.371928268,-0.655922366,0.646798163,-0.658578574,29.163508573
885,14.764764765,-2.786872387,-0.305982620,-0.834073365,-169.872931507,-34.020110970,9.425873867,104.600195012,144.679231936,117.131498404,2.658381124,0.636260885,1.096384327,154.591796022,-38.565723868,35.939329356,-0.255703048,0.498509557,-0.372874577,-0.657637882,0.642223646,-0.658506971,29.242101259
886,14.781448115,-2.787106752,-0.309017569,-0.829701602,-169.862031993,-33.864460789,9.559832570,104.697332556,144.824717535,117.350871497,2.658333832,0.637312743,1.090835350,154.565498991,-38.334972785,35.934232236,-0.255153986,0.495090145,-0.374195961,-0.659785954,0.638526251,-0.658567906,29.319031238
887,14.798131465,-2.786934376,-0.312449902,-0.825586617,-169.839655914,-33.724670892,9.706707839,104.802567219,144.952088590,117.596278247,2.658536591,0.637713058,1.084998604,154.554975459,-38.099421768,35.893186369,-0.254312296,0.491814874,-0.375856601,-0.661974940,0.634723083,-0.658111332,29.380199168
888,14.814814815,-2.785105228,-0.317941308,-0.821136475,-169.751829822,-33.600576130,9.923448011,104.990603409,145.047538038,118.015730574,2.660045072,0.635977896,1.076316042,154.618955663,-37.775662664,35.703640209,-0.251965625,0.488147886,-0.378980248,-0.664673257,0.629275135,-0.655634775,29.404271940
889,14.831498165,-2.783325672,-0.321844518,-0.817913115,-169.659422286,-33.517114278,10.070434036,105.163895321,145.102792458,118.355881621,2.661760570,0.634353837,1.069498686,154.704556649,-37.527502385,35.528401342,-0.249821549,0.485554533,-0.381234507,-0.666348191,0.624927114,-0.653399715,29.412239976
890,14.848181515,-2.781682491,-0.325877458,-0.816209674,-169.608389718,-33.487171986,10.229558187,105.250981307,145.117828070,118.614606832,2.662626152,0.632009235,1.064635033,154.740399210,-37.356330487,35.369266738,-0.248190882,0.483914025,-0.383801722,-0.668145960,0.622153182,-0.651098774,29.404385673
891,14.864864865,-2.780147076,-0.331153303,-0.815675557,-169.613097914,-33.500630122,10.451430081,105.237048365,145.106294268,118.822451710,2.662268327,0.628620349,1.061039761,154.698639067,-37.234230968,35.218992654,-0.247069954,0.482803921,-0.387371925,-0.670780648,0.620672591,-0.648517021,29.389823960
892,14.881548215,-2.780148745,-0.333429158,-0.815559983,-169.657966836,-33.500886507,10.557486394,105.174813252,145.117819526,118.852692972,2.661212276,0.627667305,1.060411702,154.624702681,-37.207888913,35.209741545,-0.247268151,0.482322944,-0.388871154,-0.672237370,0.620711845,-0.648038384,29.399192906
893,14.898231565,-2.779125452,-0.338731408,-0.813920915,-169.673236887,-33.466697955,10.785947683,105.172428564,145.154277736,119.070773092,2.660606219,0.625258475,1.056106560,154.564813982,-37.048268163,35.098480383,-0.246403817,0.480423084,-0.392242981,-0.675148683,0.618625119,-0.646064860,29.419314672
894,14.914914915,-2.778419495,-0.344851822,-0.810956478,-169.698839457,-33.381235533,11.054254262,105.183852355,145.242129438,119.334357441,2.659719600,0.623416304,1.050420146,154.481707608,-36.826833076,35.005446959,-0.245631703,0.477470344,-0.395926453,-0.678741693,0.615598750,-0.644355094,29.472932874
895,14.931598265,-2.778254271,-0.350934684,-0.806734324,-169.731675729,-33.241939561,11.325650871,105.214857137,145.383001884,119.613214909,2.658667245,0.622672929,1.043870414,154.386078870,-36.561182533,34.951786587,-0.245105847,0.473635512,-0.399340369,-0.682566206,0.611819723,-0.643297877,29.558700770
896,14.948281615,-2.779708385,-0.354684085,-0.800835133,-169.780199007,-33.013442745,11.507128794,105.273396763,145.612702925,119.816417375,2.657398193,0.625147537,1.037684985,154.282344951,-36.284201544,35.031235266,-0.245550433,0.468932090,-0.400788548,-0.685658091,0.607633051,-0.644457250,29.688272029
897,14.964964965,-2.780008554,-0.361798316,-0.793972671,-169.810427823,-32.772934921,11.826351032,105.364998451,145.848982222,120.194923013,2.656350078,0.625629425,1.028251115,154.180854126,-35.893159185,34.997217368,-0.245014311,0.463125046,-0.404434221,-0.690321985,0.601729015,-0.643853143,29.824291916
898,14.981648315,-2.780797720,-0.366531610,-0.787564933,-169.829657238,-32.537223563,12.042406159,105.470529598,146.077746162,120.488054018,2.655689310,0.627329619,1.020404591,154.113888559,-35.559690040,35.011644063,-0.244832103,0.457985000,-0.406517440,-0.693671181,0.596484848,-0.644163110,29.948561452
899,14.998331665,-2.781474113,-0.371143907,-0.781973422,-169.855920586,-32.332338028,12.252960019,105.549381424,146.279099448,120.750030015,2.654898185,0.628592158,1.013427736,154.041986817,-35.263272537,35.020160977,-0.244729913,0.453414196,-0.408656225,-0.696878188,0.591907415,-0.644313139,30.058746179
900,15.015015015,-2.783077955,-0.372537404,-0.776871383,-169.880527689,-32.125863883,12.327651210,105.632215600,146.481488741,120.880576755,2.654331848,0.631795176,1.008778632,153.996707659,-35.047647072,35.117126130,-0.245307917,0.449638949,-0.408639300,-0.698468719,0.588362827,-0.645988592,30.158194793
901,15.031698365,-2.782676220,-0.377032518,-0.771169960,-169.838113886,-31.932797787,12.517906467,105.806038904,146.652940576,121.238387780,2.655101045,0.632158933,1.000306897,154.022663515,-34.710654226,35.030963324,-0.244135344,0.445130812,-0.410782930,-0.701013331,0.582663946,-0.645023242,30.241289273
902,15.048381715,-2.781040192,-0.381870627,-0.765789866,-169.735952157,-31.770461929,12.708896813,106.051255354,146.778533108,121.688282025,2.657203285,0.631068403,0.990618094,154.129265556,-34.346719432,34.839923558,-0.241875358,0.440899239,-0.413322852,-0.703127635,0.576196972,-0.642654200,30.296818350
903,15.065065065,-2.779310703,-0.384008735,-0.761285126,-169.589832356,-31.636869007,12.776266354,106.345903743,146.863977923,122.079052739,2.660454927,0.630545258,0.982378572,154.315540421,-34.046426497,34.652253310,-0.239422738,0.437730501,-0.414210789,-0.703443900,0.570304706,-0.640596628,30.319180066
904,15.081748415,-2.777395248,-0.386100948,-0.757511377,-169.446280801,-31.532427312,12.841100147,106.620692287,146.921725561,122.449249765,2.663657060,0.629493234,0.974835275,154.499007693,-33.777558296,34.453509565,-0.236949289,0.435067015,-0.415200326,-0.703637182,0.564984654,-0.638282777,30.330842187
905,15.098431765,-2.775758743,-0.389051795,-0.753243029,-169.327965311,-31.407235771,12.948746872,106.872490747,147.005465743,122.829752027,2.666292835,0.628520557,0.966833058,154.644544536,-33.484936421,34.270827485,-0.234746576,0.431891034,-0.416659039,-0.704484133,0.559466667,-0.636080071,30.360381790
906,15.115115115,-2.774556398,-0.392518759,-0.747704864,-169.222232746,-31.230221528,13.084005435,107.140112438,147.140858818,123.244602934,2.668719942,0.628233254,0.957601282,154.774847716,-33.136259503,34.110257453,-0.232763610,0.427735323,-0.418222488,-0.705794204,0.553048526,-0.634217516,30.412458981
907,15.131798465,-2.774002790,-0.395767063,-0.741309941,-169.134682852,-31.011804530,13.216402057,107.409963543,147.319715912,123.649155042,2.670865565,0.628955965,0.948031283,154.888977278,-32.764530098,33.993973305,-0.231221514,0.422982122,-0.419443459,-0.707212263,0.546252795,-0.633036992,30.478278529
908,15.148481815,-2.774223566,-0.398701102,-0.734779894,-169.084536863,-30.776105951,13.344078444,107.638401166,147.525328864,123.995075551,2.672267309,0.630574658,0.939217514,154.960530424,-32.410787133,33.939435687,-0.230390482,0.418114877,-0.420357892,-0.708788023,0.539904847,-0.632697696,30.552666664
909,15.165165165,-2.774774551,-0.401021361,-0.728441477,-169.045441216,-30.541204740,13.448095421,107.852593788,147.733075610,124.299935954,2.673504632,0.632648324,0.931102248,155.025533235,-32.080692471,33.913136762,-0.229866975,0.413449667,-0.420859762,-0.710118715,0.533944238,-0.632780043,30.621854331
910,15.181848515,-2.775837421,-0.401991069,-0.721707702,-169.002144000,-30.281720765,13.495980606,108.092568763,147.962023148,124.572910248,2.675029102,0.635870065,0.923244369,155.113775059,-31.755545130,33.925360663,-0.229616932,0.408713045,-0.420347684,-0.710780581,0.527853585,-0.633595054,30.684024496
911,15.198531865,-2.774957895,-0.408662826,-0.713358581,-168.931259295,-30.002469729,13.780540368,108.391831487,148.200148672,125.147078677,2.676981371,0.635440944,0.909832667,155.206860528,-31.236944655,33.738933174,-0.227824107,0.402071129,-0.423575389,-0.713905271,0.518802577,-0.631172838,30.775051265
912,15.215215215,-2.775434732,-0.414198607,-0.705263138,-168.922427226,-29.709804816,14.029337962,108.609388035,148.469719496,125.585442871,2.677646463,0.636705685,0.898534324,155.230091989,-30.780514317,33.669447994,-0.227312226,0.395666881,-0.425951105,-0.716999219,0.511012625,-0.630407064,30.873966701
913,15.231898565,-2.777412653,-0.417911947,-0.696429610,-168.951596234,-29.364217126,14.210795773,108.808854389,148.800319894,125.922839622,2.677728478,0.640449632,0.888281017,155.229348478,-30.343984449,33.717823467,-0.227932129,0.388958397,-0.426844723,-0.719613121,0.503490210,-0.631540568,30.975249654
914,15.248581915,-2.782074690,-0.419582129,-0.688331068,-169.110456939,-29.001418635,14.328692000,108.818801687,149.188692155,125.971801339,2.674858892,0.647571546,0.882694487,155.067456612,-30.045476099,34.009343292,-0.231114687,0.382863332,-0.426224069,-0.722477714,0.498868034,-0.636143224,31.099787503
915,15.265265265,-2.788060665,-0.422075868,-0.680625319,-169.370163459,-28.634387282,14.496723614,108.667375483,149.613600000,125.884305115,2.669379599,0.655704237,0.879352647,154.754108421,-29.805533390,34.423193362,-0.235804673,0.376775229,-0.426081474,-0.726712973,0.495977479,-0.642265722,31.266343832
916,15.281948615,-2.793986320,-0.426969737,-0.671754777,-169.652323732,-28.229253598,14.768536588,108.499270964,150.081114992,125.876417381,2.663175561,0.663306209,0.874145881,154.395894539,-29.485625488,34.815544783,-0.240535900,0.369508517,-0.427354083,-0.732373962,0.492078010,-0.647957032,31.465699228
917,15.298631965,-2.800429106,-0.430753827,-0.660408378,-169.897822377,-27.724494016,14.990014449,108.456376081,150.630057312,125.945445978,2.658138024,0.672693089,0.866383060,154.121779980,-29.059793430,35.218587655,-0.245198494,0.360772646,-0.427443392,-0.737328228,0.485877818,-0.654268202,31.668253146
918,15.315315315,-2.806479216,-0.432820052,-0.647650659,-170.062832509,-27.172294670,15.127169163,108.581664410,151.198086983,126.116028209,2.655400501,0.682704411,0.856237661,153.998600211,-28.555546040,35.562126681,-0.249038125,0.351459704,-0.426207336,-0.740725416,0.477526395,-0.660195981,31.839967034
919,15.331998665,-2.811224461,-0.432997644,-0.636163592,-170.140343608,-26.683820266,15.168495461,108.814149824,151.678741771,126.326446291,2.654955450,0.691491244,0.846163755,154.016377149,-28.086127147,35.802647051,-0.251633066,0.343443683,-0.424048520,-0.742209484,0.469055491,-0.664818734,31.953527039
920,15.348682015,-2.815583467,-0.431148887,-0.627173245,-170.202481847,-26.289758700,15.118761398,109.006851640,152.066201343,126.418943765,2.654746491,0.699738096,0.839355692,154.050473840,-27.754934839,36.048239172,-0.254076510,0.337477963,-0.420980763,-0.742463109,0.462825938,-0.669456506,32.043601601
921,15.365365365,-2.818907976,-0.429375917,-0.619665742,-170.233647530,-25.965263416,15.064641044,109.204783852,152.378565437,126.526222721,2.655198793,0.706326040,0.833153181,154.118045608,-27.466885910,36.221636489,-0.255797797,0.332567035,-0.418300199,-0.742309005,0.457230213,-0.672919701,32.107250107
922,15.382048715,-2.821994066,-0.428333700,-0.613257825,-170.284476273,-25.685357018,15.041448297,109.334923123,152.655755072,126.596340728,2.654915277,0.712052398,0.828178622,154.137515573,-27.226521152,36.392109288,-0.257587440,0.328277386,-0.416300788,-0.742644025,0.452756059,-0.676130671,32.176160221
923,15.398732065,-2.823670149,-0.427878350,-0.607373893,-170.274662971,-25.445875233,15.032454234,109.545974850,152.875075514,126.779236535,2.656256936,0.715797232,0.821690120,154.244959625,-26.956276692,36.435823489,-0.258163061,0.324340820,-0.414909056,-0.742484403,0.447409076,-0.677460797,32.198340839
924,15.415415415,-2.823531866,-0.427077651,-0.602074921,-170.164814870,-25.253474655,14.993928847,109.906428805,153.016477325,127.108754038,2.660428657,0.717354286,0.813159640,154.510801106,-26.649442102,36.313267149,-0.257013969,0.320987441,-0.413555977,-0.740926798,0.440687617,-0.676434920,32.146419614
925,15.432098765,-2.821894407,-0.425090909,-0.597123682,-169.953988157,-25.093410952,14.892078498,110.430304714,153.091782956,127.563583185,2.667570860,0.717366323,0.802792609,154.946161190,-26.311298158,36.049549087,-0.254302091,0.318180566,-0.411615813,-0.737570864,0.432588204,-0.673479353,32.023613366
926,15.448782115,-2.819683075,-0.421672493,-0.592151701,-169.685209437,-24.937924150,14.723905677,111.060494511,153.139694569,128.071149254,2.676545205,0.717035239,0.791551796,155.488874623,-25.959957346,35.727095406,-0.250848793,0.315649195,-0.408775622,-0.732813745,0.423707429,-0.669777242,31.863038569
927,15.465465465,-2.818897963,-0.416673869,-0.586295426,-169.457670669,-24.726171016,14.499531604,111.668396894,153.250748646,128.484916052,2.684765237,0.719023264,0.781199235,156.000201781,-25.622286555,35.520210244,-0.248472632,0.312701674,-0.404607801,-0.727782445,0.415092642,-0.667893988,31.734570155
928,15.482148815,-2.819357395,-0.411233634,-0.578819394,-169.270939514,-24.435509360,14.267691387,112.280053073,153.445793882,128.877421268,2.692422238,0.722904516,0.770075050,156.490490687,-25.237747386,35.392830851,-0.247023912,0.308664724,-0.399768343,-0.722934517,0.405691165,-0.667272906,31.632108155
929,15.498832165,-2.819918394,-0.408218116,-0.569575310,-169.107958229,-24.081620394,14.144119971,112.918012058,153.704085397,129.392117770,2.699924103,0.726258612,0.755829994,156.969746751,-24.731420567,35.226267815,-0.245706885,0.303018217,-0.396241773,-0.719250357,0.394366947,-0.665907858,31.524233728
930,15.515515516,-2.820040703,-0.407605290,-0.559401214,-168.949681996,-23.703134338,14.123200782,113.584822594,153.982998132,130.033831973,2.707648837,0.728149873,0.738924066,157.454069760,-24.130818891,34.983527577,-0.244125351,0.296358559,-0.394197245,-0.716448419,0.381560620,-0.663162395,31.390208147
931,15.532198866,-2.819578886,-0.407692224,-0.548320472,-168.758725077,-23.299684814,14.130287910,114.354109101,154.267131826,130.809236538,2.716864121,0.728822617,0.719231347,158.020402431,-23.443029687,34.647724706,-0.241940220,0.289006501,-0.392521370,-0.713247010,0.366960298,-0.658902611,31.207041106
932,15.548882216,-2.819158554,-0.406809419,-0.536410272,-168.544571029,-22.862079605,14.098690132,115.222063228,154.566872515,131.644460291,2.727498874,0.729514840,0.697898387,158.672269821,-22.706697444,34.278832998,-0.239589963,0.281261508,-0.390060173,-0.708978982,0.351111235,-0.654112440,30.985917530
933,15.565565566,-2.818872452,-0.404301286,-0.523524940,-168.300932191,-22.381776356,14.001847577,116.215850529,154.885073375,132.539999782,2.739970946,0.730438929,0.674766260,159.435819540,-21.919508400,33.878180255,-0.237076125,0.273134125,-0.386344156,-0.703182646,0.333835661,-0.648819314,30.718687348
934,15.582248916,-2.819045067,-0.399415255,-0.511471570,-168.061514585,-21.919427362,13.808526016,117.206796265,155.181720110,133.335302448,2.752702059,0.732196420,0.653568042,160.218945249,-21.210189050,33.530280476,-0.234906524,0.265941103,-0.381133527,-0.696171149,0.317736046,-0.644275375,30.448149538
935,15.598932266,-2.819132090,-0.395472646,-0.499445707,-167.837934105,-21.459817993,13.657878951,118.188559314,155.475786093,134.159438933,2.765333151,0.732998248,0.631833324,160.989358128,-20.484938321,33.157527198,-0.232816802,0.258599187,-0.376555413,-0.689449152,0.301563268,-0.639052460,30.158969793
936,15.615615616,-2.820121050,-0.392559052,-0.487378597,-167.686236115,-20.988586254,13.559760016,119.069924596,155.807329919,134.919152838,2.776205050,0.734348468,0.610882358,161.661409812,-19.771957937,32.855229215,-0.231782859,0.250992619,-0.372572625,-0.683848605,0.286087801,-0.634662575,29.892106280
937,15.632298966,-2.821303844,-0.389682263,-0.474326760,-167.537536953,-20.477227599,13.468379114,120.022899008,156.168515807,135.750925151,2.787981466,0.735336484,0.587890625,162.387242725,-18.992481294,32.519750695,-0.230861017,0.242707861,-0.368433929,-0.677765907,0.269295246,-0.629550987,29.584536415
938,15.648982316,-2.822336674,-0.386094660,-0.459166825,-167.347535754,-19.885552019,13.352659587,121.197398285,156.568833351,136.776778444,2.802881264,0.735202432,0.560072553,163.293577044,-18.064399742,32.069575160,-0.229492018,0.233141783,-0.363486011,-0.669846023,0.249275144,-0.622368766,29.176096894
939,15.665665666,-2.822669268,-0.381937921,-0.443203479,-167.105782985,-19.268855810,13.214003556,122.551450809,156.951941967,137.963333831,2.820681041,0.732842993,0.529002303,164.354966335,-17.050641556,31.487690744,-0.227337712,0.223165660,-0.358077981,-0.660101830,0.227374041,-0.612696041,28.667833358
940,15.682349016,-2.823429823,-0.377182424,-0.426405340,-166.877276157,-18.611877383,13.058682217,123.986516182,157.361826164,139.204717343,2.839600477,0.729902285,0.496135086,165.480829022,-15.984089288,30.880162343,-0.225524283,0.212705349,-0.352090291,-0.649363680,0.204466949,-0.602181578,28.103173912
941,15.699032366,-2.824200153,-0.372943252,-0.409229308,-166.660412268,-17.940150237,12.930111161,125.474491696,157.775706275,140.519567730,2.859323439,0.725275194,0.461637187,166.643496999,-14.870661331,30.216980229,-0.223826328,0.201893590,-0.346375590,-0.638128237,0.180927904,-0.590222692,27.477247326
942,15.715715716,-2.825603962,-0.368047535,-0.393370867,-166.493446858,-17.307397451,12.777525315,126.852401815,158.174097789,141.694900196,2.877580976,0.721227834,0.430011160,167.724175876,-13.854981333,29.638322826,-0.222924054,0.192047296,-0.340383150,-0.627144669,0.159487098,-0.579381156,26.881650495
943,15.732399066,-2.826515913,-0.363353014,-0.379936934,-166.334766238,-16.771465812,12.626750368,128.093030908,158.491013465,142.743603839,2.894341543,0.716353375,0.402320709,168.704404992,-12.978793177,29.091821225,-0.221890797,0.183809769,-0.334957998,-0.616774154,0.141058011,-0.568930797,26.327516967
944,15.749082416,-2.825971842,-0.359859675,-0.368012160,-166.130346585,-16.311580144,12.516705934,129.322376155,158.711752224,143.836368114,2.911499877,0.708240037,0.375627596,169.675581733,-12.150363716,28.445790763,-0.219750168,0.176427189,-0.330688940,-0.606380004,0.123986551,-0.556563206,25.748061787
945,15.765765766,-2.825429440,-0.356400549,-0.357240647,-165.942423230,-15.894516365,12.406495455,130.464370154,158.901766641,144.843044499,2.927535090,0.700048214,0.351262057,170.577422589,-11.399064572,27.839216882,-0.217773484,0.169806754,-0.326627925,-0.596437446,0.108646990,-0.544765189,25.201273756
946,15.782449116,-2.826494455,-0.352665842,-0.346009642,-165.841256877,-15.441146496,12.295085890,131.526938538,159.167275660,145.751184728,2.941929558,0.694057130,0.327438590,171.408370849,-10.650600700,27.351220965,-0.217362109,0.162866518,-0.322185007,-0.587173492,0.093474516,-0.534775628,24.683289840
947,15.799132466,-2.829370260,-0.347911984,-0.333015084,-165.816970709,-14.897548967,12.156612698,132.645452224,159.542160908,146.665760426,2.956559318,0.689710809,0.301197041,172.279906274,-9.815058396,26.926284268,-0.218530564,0.154860579,-0.316636409,-0.577300455,0.076552466,-0.525436707,24.129370170
948,15.815815816,-2.833893061,-0.342702597,-0.317939490,-165.866250805,-14.256129346,12.014231224,133.862293205,160.028922300,147.652882163,2.972019426,0.685885884,0.271169142,173.222246383,-8.850273375,26.515643661,-0.221172015,0.145494178,-0.310324212,-0.566608161,0.057198775,-0.515726291,23.506769643
949,15.832499166,-2.837713957,-0.337904543,-0.302028716,-165.879342296,-13.591504393,11.890021179,135.259052113,160.497365924,148.840244476,2.990248226,0.678043245,0.237445650,174.301332299,-7.780886963,25.939589741,-0.223166252,0.135528476,-0.304200843,-0.554194336,0.036235795,-0.502521524,22.764855584
950,15.849182516,-2.840831518,-0.333853483,-0.287158936,-165.876842506,-12.976416649,11.791009173,136.638607430,160.910340995,150.043878483,3.008494109,0.667958627,0.204563431,175.362803643,-6.746299475,25.309463639,-0.224697570,0.126161840,-0.298800627,-0.541755796,0.016396582,-0.488133325,22.011085362
951,15.865865866,-2.843319893,-0.329908371,-0.274598718,-165.865205313,-12.456186572,11.686467473,137.869360656,161.244235766,151.106147570,3.024978296,0.657891657,0.176070405,176.312818346,-5.858604941,24.728693436,-0.225852471,0.118350175,-0.293900640,-0.530250580,-0.000421159,-0.474808376,21.338896543
952,15.882549216,-2.845751047,-0.326429456,-0.263631999,-165.872861656,-11.999421551,11.595096111,138.949844055,161.543999688,152.037173828,3.039389694,0.648631114,0.150947756,177.144717891,-5.076315691,24.219967020,-0.227158396,0.111535323,-0.289584067,-0.520013487,-0.015053982,-0.462906606,20.744445569
953,15.899232566,-2.848427296,-0.322343558,-0.254117817,-165.903185709,-11.593980321,11.474527996,139.891253452,161.822819784,152.804123302,3.051913172,0.641356421,0.129346794,177.878363117,-4.407707358,23.817565134,-0.228788274,0.105800808,-0.285092390,-0.510696811,-0.027650021,-0.453120052,20.241662060
954,15.915915916,-2.851057529,-0.317064822,-0.245848358,-165.931551611,-11.232322697,11.301171446,140.751945267,162.068627732,153.443471215,3.063533032,0.635540327,0.110675999,178.564605188,-3.840340655,23.488047118,-0.230373929,0.101112289,-0.280019413,-0.501592554,-0.038538063,-0.444861698,19.811698563
955,15.932599266,-2.853754997,-0.312252045,-0.237581566,-165.971357318,-10.872218856,11.147026767,141.609077033,162.318633406,154.097770147,3.075028148,0.629145047,0.091701482,179.242734115,-3.261439504,23.147615644,-0.232098960,0.096349259,-0.275257309,-0.492603552,-0.049445064,-0.436260233,19.379066249
956,15.949282616,-2.855394840,-0.307605743,-0.228706032,-165.950913225,-10.498465393,11.000094466,142.642834768,162.525107124,154.940120017,-3.070163149,-0.614506868,-0.069643714,-179.951699344,-2.608611312,22.635784529,-0.232776410,0.091169370,-0.270569726,-0.481794161,-0.061209620,-0.424206257,18.848245902
957,15.965965966,-2.856653929,-0.303995103,-0.219689265,-165.920554968,-10.126432220,10.894998833,143.714425439,162.717096674,155.863136106,-3.062306495,-0.597062060,-0.046860691,-179.132681142,-1.922295331,22.050705161,-0.233188508,0.085724953,-0.266572126,-0.470800648,-0.073090613,-0.410603796,18.283791556
958,15.982649316,-2.857932806,-0.300919026,-0.210628986,-165.898468379,-9.754558930,10.811981778,144.793158962,162.909889032,156.814501776,-3.054350289,-0.578749134,-0.024063347,-178.318339800,-1.221120810,21.440887679,-0.233693479,0.080161585,-0.262922763,-0.459793995,-0.084905370,-0.396370209,17.715559193
959,15.999332666,-2.859402180,-0.298449397,-0.200169921,-165.885250030,-9.329582890,10.759781943,146.032682864,163.132983130,157.949997480,-3.045287255,-0.556517815,0.002183094,-177.400025500,-0.392862294,20.703815304,-0.234397969,0.073557243,-0.259431800,-0.447331488,-0.098393025,-0.379131061,17.062020125
960,16.016016016,-2.864226103,-0.295597523,-0.189482212,-166.059942094,-8.868012685,10.698220582,147.070770159,163.525579736,158.855274293,-3.036841497,-0.541665326,0.027592308,-176.621825581,0.438066597,20.239303402,-0.238440340,0.066842620,-0.255463487,-0.436937675,-0.112551790,-0.366465753,16.542588967
961,16.032699366,-2.869517803,-0.291929841,-0.176823363,-166.244007308,-8.324588057,10.612091747,148.393936873,163.962930613,160.011915177,-3.025685930,-0.521138762,0.058108264,-175.632949472,1.446133386,19.600416562,-0.242831247,0.058960691,-0.250601835,-0.423370559,-0.129265106,-0.349527324,15.927397809
962,16.049382716,-2.874722481,-0.288595974,-0.163360998,-166.424935844,-7.753363230,10.541322557,149.883207956,164.402995231,161.348742745,-3.012926808,-0.495863257,0.090997339,-174.535536425,2.555121247,18.813714481,-0.247184746,0.050504769,-0.245840434,-0.407996431,-0.146926771,-0.329162776,15.294102342
963,16.066066066,-2.879382133,-0.285869509,-0.149853691,-166.583859898,-7.187903421,10.493160716,151.473827844,164.810857293,162.813494677,-2.999034243,-0.466485846,0.124259296,-173.383816175,3.705042104,17.896718637,-0.251101709,0.041936970,-0.241511427,-0.391449208,-0.164352936,-0.306003265,14.706294653
964,16.082749416,-2.883400679,-0.283608466,-0.137591586,-166.721269352,-6.677737211,10.456816172,152.990696287,165.163730250,164.225671876,-2.985336235,-0.437014023,0.154395124,-172.300706123,4.775260837,16.977908614,-0.254513849,0.034138824,-0.237739980,-0.375477324,-0.179851172,-0.283056897,14.259623273
965,16.099432766,-2.888041496,-0.281473994,-0.126737729,-166.906011093,-6.218752358,10.418751719,154.313308018,165.527637210,165.446456654,-2.972731932,-0.411795402,0.181032877,-171.357554794,5.744388709,16.207751827,-0.258644332,0.027274310,-0.234263710,-0.361389152,-0.193793875,-0.263154611,14.000751012
966,16.116116116,-2.892122507,-0.279053837,-0.116887636,-167.064890015,-5.802067347,10.364248619,155.584915307,165.843489474,166.607453416,-2.960129807,-0.386944581,0.205034103,-170.454771151,6.637217987,15.449579304,-0.262255293,0.021139199,-0.230800375,-0.347550413,-0.206161411,-0.243766019,13.863083803
967,16.132799466,-2.895971775,-0.276559472,-0.107767493,-167.216226277,-5.415527563,10.303058285,156.807913331,166.134062210,167.718090262,-2.947607626,-0.362646932,0.227104561,-169.591569533,7.477893165,14.709869308,-0.265676600,0.015512937,-0.227427157,-0.334049007,-0.217421336,-0.224901144,13.840934349
968,16.149482816,-2.898074389,-0.273523152,-0.098803975,-167.267527823,-5.045087861,10.220076420,158.171242743,166.319788902,168.954565640,-2.933492362,-0.333580740,0.247762313,-168.647358481,8.293899738,13.800799426,-0.267340969,0.010079850,-0.223808859,-0.318695915,-0.227153670,-0.203078222,13.887680118
969,16.166166166,-2.899470806,-0.270114601,-0.090118527,-167.279763469,-4.688707682,10.121715949,159.570666709,166.456519667,170.215289246,-2.918656474,-0.303038828,0.266779643,-167.690329858,9.075276072,12.836035008,-0.268302680,0.004893368,-0.220025977,-0.302721817,-0.235670994,-0.180400356,14.036827846
970,16.182849516,-2.901390553,-0.266760409,-0.081291430,-167.323620308,-4.323872439,10.025766453,160.988618348,166.617910814,171.494887382,-2.903205925,-0.272082207,0.285716179,-166.731020738,9.880203307,11.860021117,-0.269815053,-0.000387779,-0.216232793,-0.286474079,-0.244152294,-0.157277528,14.329923678
971,16.199532866,-2.903950691,-0.264617682,-0.072713792,-167.415098520,-3.969525055,9.975323771,162.334365564,166.813545845,172.747572624,-2.888345695,-0.242125083,0.304241710,-165.841832161,10.693027518,10.915338760,-0.272089300,-0.005694756,-0.213256500,-0.271231397,-0.252522350,-0.134665902,14.770136034
972,16.216216216,-2.905848026,-0.263625473,-0.065801933,-167.485379348,-3.688001129,9.963122264,163.434224220,166.961593852,173.801862493,-2.876159851,-0.216698879,0.318802209,-165.136385611,11.357530618,10.103689699,-0.273829409,-0.010091590,-0.211352682,-0.258887209,-0.258852052,-0.115516694,15.225945047
973,16.232899566,-2.906613588,-0.262478590,-0.060535349,-167.498498144,-3.476204902,9.939206690,164.324496955,167.031610491,174.644571542,-2.866179789,-0.195759791,0.328911801,-164.572351039,11.843546544,9.424306909,-0.274456074,-0.013382561,-0.209674138,-0.248766835,-0.262827819,-0.099972432,15.610574024
974,16.249582916,-2.907001019,-0.263368994,-0.056148216,-167.507201786,-3.308157862,9.991329568,165.039410257,167.083348158,175.392931053,-2.858525658,-0.177307877,0.337345742,-164.152927047,12.263073535,8.811955107,-0.274874843,-0.016436473,-0.209506247,-0.241066001,-0.265931383,-0.086273609,15.988952048
975,16.266266266,-2.907507658,-0.266864896,-0.050944824,-167.535681494,-3.117630410,10.147835146,165.836706993,167.157686663,176.325078845,-2.850410025,-0.154717799,0.347749878,-163.728742899,12.789904124,8.049694613,-0.275613811,-0.020466316,-0.210916344,-0.233064596,-0.269686300,-0.069404053,16.527934429
976,16.282949616,-2.907751322,-0.271505624,-0.045331661,-167.554876120,-2.917045974,10.350707420,166.696727177,167.222832838,177.365557381,-2.841717852,-0.129379487,0.358542188,-163.295391363,13.356885392,7.183343799,-0.276189728,-0.024962651,-0.213024045,-0.224617685,-0.273281874,-0.050546905,17.183861848
977,16.299632966,-2.906850815,-0.276603132,-0.040832110,-167.516965751,-2.767865480,10.568521621,167.392271028,167.218544594,178.263566696,-2.835047814,-0.107098388,0.366134130,-162.982446539,13.788623912,6.399489952,-0.275678487,-0.028816252,-0.215671491,-0.218121858,-0.275096263,-0.034225128,17.760348456
978,16.316316316,-2.902517080,-0.279869556,-0.039205179,-167.285051262,-2.743609528,10.709473463,167.716915287,166.997180307,178.732129774,-2.832881249,-0.093690764,0.364883470,-162.886809780,13.820970153,5.877888319,-0.271609887,-0.030521024,-0.217750842,-0.215438195,-0.272148094,-0.025389380,17.913161449
979,16.332999666,-2.896623135,-0.286358953,-0.039498322,-166.994098498,-2.815946441,10.970736072,167.671324106,166.697882096,178.963107440,-2.835956246,-0.086174842,0.359986986,-163.068786594,13.670200562,5.525094616,-0.266258585,-0.031523025,-0.222363925,-0.217735596,-0.267347854,-0.021181732,17.905047051
980,16.349683016,-2.886951208,-0.294692159,-0.040298689,-166.505018254,-2.940790805,11.308810392,167.585003813,166.194123020,179.241824479,-2.840647722,-0.075961920,0.350760008,-163.336321309,13.362386787,5.029240385,-0.257307949,-0.032569773,-0.228478640,-0.221113674,-0.259075787,-0.015919642,17.847955090
981,16.366366366,-2.874808550,-0.301280677,-0.041183718,-165.866572107,-3.081187073,11.583491121,167.568192905,165.541296184,179.533739167,-2.844653798,-0.063915588,0.338063057,-163.556107140,12.928425020,4.450155545,-0.245760490,-0.033315474,-0.233596349,-0.223451209,-0.248239777,-0.010023653,17.748113672
982,16.383049716,-2.862707376,-0.305913538,-0.042305760,-165.219377084,-3.225395057,11.780684401,167.543926049,164.879215111,179.743070190,-2.848286855,-0.053627611,0.324394208,-163.745532767,12.445682193,3.941473711,-0.234095240,-0.033573148,-0.237475163,-0.225431879,-0.237094703,-0.005482281,17.625849247
983,16.399733066,-2.851268530,-0.310584038,-0.045066096,-164.618828786,-3.431667527,11.969709909,167.260666058,164.249684405,179.693917513,-2.854706692,-0.050035289,0.309452809,-164.071865491,11.870687705,3.674848458,-0.223109483,-0.032722862,-0.241645607,-0.230231571,-0.226065110,-0.005694299,17.421931164
984,16.416416416,-2.841068506,-0.313261092,-0.050696015,-164.088777956,-3.734415524,12.062159058,166.608082736,163.667443796,179.192310888,-2.864537688,-0.057672676,0.291887138,-164.556827806,11.128347920,3.820352212,-0.213202596,-0.029569269,-0.244926947,-0.238407358,-0.215005180,-0.013913409,16.975460346
985,16.433099766,-2.831528187,-0.314882785,-0.057561330,-163.595413114,-4.077606674,12.103116960,165.833323659,163.109755476,178.524442366,-2.875192392,-0.069256136,0.273310979,-165.085707378,10.330521819,4.115479163,-0.203878518,-0.025371692,-0.247690152,-0.247500094,-0.203934955,-0.024909106,16.491319605
986,16.449783116,-2.819436312,-0.318018019,-0.062751412,-162.962318891,-4.383202369,12.214081591,165.339590828,162.423732805,178.210533189,-2.883354342,-0.070974998,0.254600064,-165.499069195,9.585309905,4.042441033,-0.192148439,-0.022586447,-0.251331349,-0.254037618,-0.191301307,-0.029285691,16.311654765
987,16.466466466,-2.805792093,-0.320677370,-0.065905631,-162.228446814,-4.620501407,12.317466737,165.169304528,161.656396962,178.209529532,-2.887995805,-0.064193314,0.236615876,-165.729746676,8.914568865,3.664819782,-0.178814469,-0.021108878,-0.254400971,-0.257070632,-0.177951421,-0.027846603,16.359136932
988,16.483149816,-2.791958809,-0.323173314,-0.067552596,-161.475479994,-4.801451932,12.421905653,165.190705401,160.884496637,178.396078199,-2.890461999,-0.052838004,0.220117281,-165.848451390,8.325383060,3.129715315,-0.165265606,-0.020623007,-0.257125075,-0.258087402,-0.164948379,-0.023100383,16.576294030
989,16.499833166,-2.778968811,-0.326754481,-0.066664189,-160.766359553,-4.884619090,12.584095669,165.456685108,160.178572936,178.868914547,-2.890398344,-0.035471043,0.207590620,-165.844405684,7.921924588,2.391356228,-0.152638619,-0.022044409,-0.260115495,-0.256918394,-0.153693694,-0.013660321,17.039027250
990,16.516516517,-2.765333176,-0.329922050,-0.062777519,-160.002085790,-4.853756090,12.750938968,166.055127127,159.444938564,179.662319364,-2.886709238,-0.010475702,0.196901816,-165.656969566,7.632405491,1.377586677,-0.139302122,-0.025473064,-0.262351099,-0.252369661,-0.142524533,0.001221492,17.702148363
991,16.533199867,-2.752533913,-0.332257539,-0.056343574,-159.265208630,-4.711633835,12.903265864,166.895233409,158.759638512,-179.339055500,-2.880032858,0.018616625,0.188624539,-165.324908996,7.465997458,0.222016234,-0.126705887,-0.030521705,-0.263533781,-0.245240034,-0.132361504,0.019329104,18.472513640
992,16.549883217,-2.740955114,-0.332868129,-0.048123378,-158.574141359,-4.478107282,13.000847983,167.899344507,158.132743579,-178.252197635,-2.870900482,0.048979667,0.181841523,-164.874602699,7.376773823,-0.974111010,-0.115160791,-0.036513659,-0.263151229,-0.236044245,-0.123034044,0.038656920,19.236304666
993,16.566566567,-2.731440067,-0.331842303,-0.040022347,-157.987431913,-4.221476522,13.032410225,168.859159772,157.606068853,-177.287020029,-2.861482648,0.075447754,0.175990114,-164.411903916,7.313006826,-2.018378402,-0.105533248,-0.042129208,-0.261541285,-0.226812885,-0.114956903,0.055625153,19.861419217
994,16.583249917,-2.724406958,-0.328677595,-0.032118127,-157.525358866,-3.937394741,12.975465340,169.793198761,157.200681516,-176.448749319,-2.851410267,0.097865595,0.171629165,-163.911936270,7.295721060,-2.899015496,-0.098191204,-0.047206645,-0.258342952,-0.217110255,-0.108557528,0.070222026,20.293329984
995,16.599933267,-2.720646143,-0.323956519,-0.024632819,-157.239192295,-3.632771990,12.849421804,170.680660513,156.966337595,-175.738480137,-2.840958886,0.115918634,0.170084893,-163.389937719,7.373236401,-3.595290310,-0.093983747,-0.051664122,-0.253955207,-0.207192997,-0.104785671,0.082442854,20.532202220
996,16.616616617,-2.718551874,-0.318672180,-0.015832501,-157.038921047,-3.258014694,12.709679471,171.697961133,156.821318426,-174.930490134,-2.828644098,0.135392873,0.170877766,-162.785758067,7.565143137,-4.334024511,-0.091414826,-0.056907181,-0.248848301,-0.195717095,-0.102386436,0.096154226,20.786426495
997,16.633299967,-2.715355873,-0.314076513,-0.005922790,-156.779463362,-2.850548903,12.610017125,172.802217005,156.614768354,-174.001984073,-2.815632500,0.157860290,0.170546602,-162.164004944,7.742530620,-5.201185988,-0.087851287,-0.063076801,-0.244068989,-0.183742254,-0.098706368,0.111807670,21.190249098
998,16.649983317,-2.712594986,-0.309696615,0.002769271,-156.554017916,-2.488962492,12.509940861,173.765294391,156.429695385,-173.208205996,-2.804145067,0.177000875,0.169672614,-161.618479302,7.880240777,-5.946590917,-0.084765371,-0.068434104,-0.239624464,-0.173227433,-0.095158641,0.125132631,21.535678742
999,16.666666667,-2.710663557,-0.305525005,0.009031589,-156.389003656,-2.219486804,12.397638937,174.472988979,156.290862807,-172.665419365,-2.795440360,0.190119073,0.168477960,-161.199396902,7.959861540,-6.461582578,-0.082524434,-0.072118393,-0.235709251,-0.165222041,-0.092334928,0.134240974,21.728437407
1000,16.683350017,-2.710661888,-0.301852286,0.013560236,-156.345000265,-2.009793074,12.287346518,175.001565105,156.264665331,-172.290172634,-2.788568931,0.198718753,0.169122169,-160.867429842,8.076957742,-6.788811213,-0.082247651,-0.074630434,-0.232353718,-0.158927589,-0.091487396,0.140534559,21.812118576
1001,16.700033367,-2.711116314,-0.298953176,0.017833505,-156.334110425,-1.813177159,12.205187282,175.490720779,156.268737869,-171.924180981,-2.782241373,0.206889256,0.170445513,-160.569146573,8.217140199,-7.096244022,-0.082501759,-0.077087173,-0.229559063,-0.153213074,-0.091157394,0.146645455,21.926608666
1002,16.716716717,-2.711076260,-0.296022177,0.022464110,-156.294421836,-1.605132262,12.125975037,176.012903862,156.243271279,-171.524226718,-2.775595731,0.215983863,0.171128038,-160.258234343,8.341785360,-7.445047541,-0.082273498,-0.079801310,-0.226701293,-0.147226421,-0.090233715,0.153310307,22.077013526
1003,16.733400067,-2.710423946,-0.291329890,0.027368445,-156.208280910,-1.376042118,11.979879278,176.592367089,156.170831252,-171.137866615,-2.767980218,0.225068020,0.170360984,-159.886627948,8.417090721,-7.801779501,-0.081294340,-0.082415389,-0.222598106,-0.140210320,-0.088345530,0.159787363,22.151313457
1004,16.750083417,-2.709586382,-0.285595477,0.031999819,-156.107330499,-1.150361854,11.790334096,177.161715220,156.081275628,-170.804551839,-2.760268557,0.233057097,0.168788207,-159.498942809,8.456115985,-8.120502327,-0.080049946,-0.084662500,-0.217825029,-0.132996762,-0.086093194,0.165400808,22.148152449
1005,16.766766767,-2.709440708,-0.276340783,0.033797856,-156.035139730,-1.005543896,11.433709136,177.525650980,156.015296917,-170.827221962,-2.753999948,0.233081654,0.166054331,-159.126858088,8.387328561,-8.127701334,-0.079163109,-0.084294148,-0.211077388,-0.126584787,-0.084405637,0.165282415,21.717861416
1006,16.783450117,-2.710066557,-0.266651869,0.033779554,-156.012467932,-0.925043401,11.042321253,177.725579980,155.995691849,-171.035575838,-2.749376316,0.228755925,0.163728771,-158.817732826,8.293733145,-7.959013188,-0.079002739,-0.082558422,-0.204318000,-0.121524958,-0.083718017,0.162153524,21.122940948
1007,16.800133467,-2.709577799,-0.257114589,0.032687008,-155.932865857,-0.894739368,10.650513518,177.806865646,155.917229061,-171.351886473,-2.746304365,0.222390772,0.159678078,-158.573924342,8.106438142,-7.723104530,-0.077748719,-0.080132524,-0.197897762,-0.117775892,-0.082155097,0.157228783,20.462318143
1008,16.816816817,-2.704809904,-0.247618914,0.031167058,-155.613313995,-0.904071553,10.266062997,177.811279949,155.597585451,-171.727295949,-2.744737056,0.216101736,0.149761554,-158.389738741,7.676135355,-7.536449939,-0.072244074,-0.077537088,-0.191735086,-0.115221594,-0.076483951,0.151243278,19.792528185
1009,16.833500167,-2.702028751,-0.240910903,0.031542979,-155.417624376,-0.847887763,10.005219100,177.962524070,155.403914108,-171.847520791,-2.741822418,0.214652066,0.144044249,-158.185738313,7.454776146,-7.514414051,-0.068985647,-0.076695490,-0.187091277,-0.111907596,-0.072879173,0.149389589,19.424962819
1010,16.850183517,-2.697148085,-0.234034136,0.031433623,-155.103953719,-0.819347204,9.737509024,178.054298911,155.091333680,-172.027323891,-2.739811373,0.212569698,0.135308212,-158.015780613,7.102848984,-7.491529487,-0.063622460,-0.075542032,-0.182480207,-0.109308713,-0.067270818,0.146521233,19.026961366
1011,16.866866867,-2.692039490,-0.226774454,0.031668752,-154.775309194,-0.773045624,9.457357080,178.186554980,154.764241493,-172.183114381,-2.737235259,0.211086485,0.126290386,-157.817979713,6.746637883,-7.495454946,-0.058026143,-0.074564713,-0.177534101,-0.106196356,-0.061367446,0.144040437,18.636741007
1012,16.883550217,-2.686409473,-0.218494236,0.032422580,-154.411695577,-0.697401087,9.141253835,178.385625630,154.402833804,-172.314747892,-2.733677742,0.210304807,0.116464223,-157.566840882,6.368131900,-7.534233973,-0.051867964,-0.073781165,-0.171781777,-0.102139649,-0.054792804,0.141945145,18.229217733
1013,16.900233567,-2.678353071,-0.208247215,0.031877238,-153.905376916,-0.665078633,8.737703863,178.488241995,153.897496888,-172.619928438,-2.730909133,0.206596346,0.102446096,-157.326451136,5.794685660,-7.489786972,-0.043158200,-0.071796749,-0.164935328,-0.098534330,-0.045804616,0.137043369,17.647172057
1014,16.916916917,-2.675164938,-0.198032066,0.031670354,-153.677827091,-0.594368746,8.328340524,178.659771287,153.671596132,-172.872904897,-2.726700521,0.202446284,0.095223394,-157.031885020,5.495509728,-7.375066538,-0.039352093,-0.069916673,-0.157884572,-0.093781294,-0.041621949,0.133091664,17.032724338
1015,16.933600267,-2.670204878,-0.187775880,0.030350000,-153.353763834,-0.573660569,7.909284504,178.721049292,153.348041098,-173.233813099,-2.723820522,0.196558385,0.085326375,-156.794784961,5.067424944,-7.213849654,-0.033783376,-0.067286189,-0.151037787,-0.090170265,-0.035856912,0.127392337,16.371510211
1016,16.950283617,-2.665767908,-0.179863870,0.029808968,-153.069239830,-0.538949914,7.590938668,178.810173624,153.064250566,-173.469840755,-2.721154963,0.193108601,0.077062614,-156.592944488,4.721764348,-7.139793409,-0.028908120,-0.065603890,-0.145671523,-0.087014327,-0.030777536,0.123654451,15.908063640
1017,16.966966967,-2.662087202,-0.173174933,0.030436182,-152.831482430,-0.463980048,7.331843209,178.983941621,152.827822274,-173.572100930,-2.717804669,0.192208264,0.070538991,-156.373927487,4.468889584,-7.155545813,-0.024891949,-0.064942529,-0.140926970,-0.083406345,-0.026455966,0.122019064,15.587640844
1018,16.983650317,-2.656010389,-0.165989205,0.032032125,-152.454316761,-0.352244249,7.065834200,179.238353128,152.452240906,-173.609469947,-2.713666560,0.193397179,0.060958551,-156.111830815,4.113682780,-7.282356975,-0.018488920,-0.064935777,-0.135699122,-0.079064725,-0.019634521,0.121324440,15.348160843
1019,17.000333667,-2.652442455,-0.158542722,0.034469225,-152.219410084,-0.192876033,6.793569971,179.586185773,152.218793848,-173.572546890,-2.708190691,0.195306325,0.054979659,-155.790056996,3.915118991,-7.409710337,-0.014614435,-0.065413831,-0.130065579,-0.073553034,-0.015198407,0.121826504,15.096563405
1020,17.017017017,-2.646294117,-0.150569469,0.036527436,-151.837766661,-0.050526771,6.500361493,179.892944993,151.837725046,-173.594019767,-2.703212820,0.196744302,0.045283649,-155.482473222,3.560802445,-7.551549807,-0.008148126,-0.065594051,-0.124165168,-0.068432120,-0.008231175,0.121317364,14.849498867
1021,17.033700367,-2.639986515,-0.142646804,0.038496818,-151.449139215,0.089759053,6.208566719,-179.812195983,151.449009998,-173.626467578,-2.698345872,0.197944781,0.035386912,-155.180232586,3.195548959,-7.687818529,-0.001543334,-0.065723830,-0.118299997,-0.063432118,-0.001146809,0.120599530,14.614533606
1022,17.050383717,-2.634925604,-0.134284914,0.039335225,-151.133923059,0.194731643,5.885052005,-179.596636885,151.133322768,-173.761703222,-2.694024009,0.196616561,0.026823107,-154.900977875,2.859165619,-7.711795158,0.003837287,-0.064937371,-0.112288269,-0.058870976,0.004572168,0.118326406,14.259441378
1023,17.067067067,-2.631056786,-0.125801250,0.038533162,-150.890458287,0.239535543,5.537099385,-179.507624968,150.889559053,-174.032718126,-2.690832791,0.192148027,0.019479366,-154.675288270,2.538517932,-7.598516201,0.008045071,-0.062927936,-0.106454811,-0.055286508,0.008892249,0.114021632,13.771577084
1024,17.083750417,-2.629328489,-0.118781656,0.036037181,-150.776648654,0.206945612,5.227182628,-179.576124099,150.775980587,-174.402891855,-2.689505351,0.185056181,0.014956446,-154.553018615,2.299284690,-7.353044531,0.010076212,-0.059920475,-0.101932881,-0.053468082,0.010781061,0.108302787,13.219169613
1025,17.100433767,-2.627870560,-0.112208806,0.030779248,-150.683450563,0.058329129,4.905290821,-179.880872189,150.683397691,-174.990838337,-2.690662604,0.173501319,0.010132729,-154.554365025,1.997326280,-6.927966495,0.011859703,-0.055015535,-0.098224497,-0.053898240,0.012095696,0.099305848,12.532285624
1026,17.117117117,-2.627641678,-0.106476970,0.023920482,-150.664853392,-0.161164868,4.598742516,179.671039338,150.664450059,-175.688034784,-2.693394918,0.159400446,0.006588056,-154.643446751,1.718480865,-6.387234990,0.012394507,-0.049091108,-0.095389867,-0.055833569,0.012066092,0.088702791,11.781560731
1027,17.133800467,-2.628250122,-0.101171009,0.017760478,-150.694564848,-0.354709899,4.316129717,179.275340648,150.692608773,-176.315785756,-2.695632540,0.146457246,0.004349413,-154.717521321,1.505209231,-5.882183962,0.012044422,-0.043724230,-0.092721736,-0.057408572,0.011326914,0.079169702,11.080249119
1028,17.150483817,-2.627970457,-0.094802663,0.013994031,-150.668517753,-0.441394682,4.016522659,179.098996388,150.665492075,-176.768964737,-2.695343863,0.137319128,0.001432177,-154.663527672,1.306894061,-5.539257146,0.012558139,-0.039888635,-0.088870144,-0.056672341,0.011730643,0.072261755,10.474135760
1029,17.167167167,-2.626425505,-0.089150824,0.013315819,-150.568722733,-0.412153471,3.779931330,179.161276907,150.566095370,-176.950544643,-2.692954110,0.134086498,-0.001972670,-154.510056122,1.147712714,-5.441385837,0.014260782,-0.038407651,-0.084977868,-0.054110906,0.013523474,0.069461080,10.123913562
1030,17.183850517,-2.625132799,-0.083111070,0.015046559,-150.480927743,-0.279582581,3.553071807,179.432579378,150.479723042,-176.940690968,-2.688349859,0.134609095,-0.004255263,-154.244494264,1.074102518,-5.487386906,0.015676698,-0.038569261,-0.080364756,-0.049513625,0.015193771,0.069555582,9.860076377
1031,17.200533867,-2.622485161,-0.077812240,0.017778717,-150.317185734,-0.115966820,3.368340526,179.765818301,150.316979840,-176.835111732,-2.683429945,0.137481406,-0.007879141,-153.966160944,0.968866783,-5.641806593,0.018403985,-0.039605472,-0.076103974,-0.044696425,0.018231722,0.071068568,9.754739435
1032,17.217217217,-2.620555162,-0.074462801,0.020701265,-150.198627386,0.036233953,3.264872845,-179.927093922,150.198607382,-176.671862651,-2.679377063,0.141290340,-0.010137979,-153.743027628,0.925318388,-5.821293728,0.020359575,-0.041119925,-0.073191199,-0.040803406,0.020488560,0.073461853,9.764371331
1033,17.233900567,-2.619039297,-0.071697690,0.023338670,-150.105484444,0.171460617,3.181999416,-179.655984286,150.105038190,-176.519758511,-2.675853539,0.144740017,-0.011848914,-153.550163461,0.899455849,-5.980973220,0.021888139,-0.042530257,-0.070742958,-0.037431938,0.022301202,0.075688880,9.784647141
1034,17.250583917,-2.618052483,-0.068756022,0.025314925,-150.043283348,0.282644035,3.084363735,-179.433984966,150.042073762,-176.425241201,-2.672734394,0.146860193,-0.013097575,-153.376889227,0.878916911,-6.082241210,0.022898200,-0.043426394,-0.068284691,-0.034408430,0.023552846,0.077054121,9.739150413
1035,17.267267267,-2.617364168,-0.065361999,0.026752066,-149.998326746,0.377336034,2.962150609,-179.245398825,149.996174858,-176.384361347,-2.669783460,0.147801344,-0.014189775,-153.209516793,0.853228048,-6.134214892,0.023623812,-0.043849171,-0.065598864,-0.031499244,0.024483941,0.077613722,9.624579490
1036,17.283950617,-2.617874146,-0.061977316,0.027723022,-150.022711061,0.454589066,2.834121870,-179.090254535,150.019584831,-176.377843472,-2.667117576,0.147691709,-0.013799572,-153.057552116,0.876740329,-6.129011745,0.023155444,-0.043916782,-0.062999686,-0.028832712,0.024181424,0.077691464,9.437954981
1037,17.300633967,-2.619204283,-0.059760198,0.028569745,-150.095836624,0.515004010,2.751620643,-178.967081878,150.091812429,-176.352995469,-2.665118770,0.147731242,-0.012136701,-152.946585608,0.951090940,-6.116665161,0.021846675,-0.044091966,-0.061255972,-0.026846967,0.023008853,0.078082631,9.289774026
1038,17.317317317,-2.620261431,-0.058271859,0.029067077,-150.154473880,0.552779085,2.695295167,-178.889355552,150.149826744,-176.341379776,-2.663818834,0.147609719,-0.010818648,-152.874365601,1.007643933,-6.100265843,0.020804237,-0.044155453,-0.060098573,-0.025550421,0.022051947,0.078276017,9.181509546
1039,17.334000667,-2.621532917,-0.056490537,0.029895687,-150.225010558,0.607424442,2.630395716,-178.776961530,150.219383272,-176.308048414,-2.662070402,0.147852855,-0.009164690,-152.778461927,1.082837804,-6.095757212,0.019544934,-0.044397903,-0.058671557,-0.023826032,0.020921375,0.078801773,9.067606693
1040,17.350684017,-2.623192549,-0.053668085,0.029913036,-150.317253457,0.640522688,2.513839885,-178.706695553,150.310972841,-176.362585610,-2.660381722,0.146203605,-0.007391099,-152.679538119,1.144379811,-6.013014024,0.017926946,-0.043863876,-0.056649089,-0.022072904,0.019363309,0.078011584,8.826279922
1041,17.367367367,-2.625723600,-0.049973238,0.029198809,-150.459139250,0.653831692,2.353054233,-178.674067285,150.452557125,-176.493403637,-2.658745092,0.142751281,-0.004791136,-152.578862946,1.221605661,-5.848614595,0.015460582,-0.042632575,-0.054137751,-0.020296123,0.016893532,0.076094562,8.456102264
1042,17.384050717,-2.629149914,-0.045814920,0.028215423,-150.652331640,0.661533730,2.169871317,-178.650417828,150.645540274,-176.653775566,-2.657010281,0.138429843,-0.001132827,-152.471670486,1.333337377,-5.638181430,0.012105146,-0.041109463,-0.051347460,-0.018397296,0.013515009,0.073755640,8.014148174
1043,17.400734067,-2.631899357,-0.042385884,0.027616484,-150.807494755,0.675999443,2.021339645,-178.614238308,150.800358003,-176.768938020,-2.655418739,0.135230922,0.001848143,-152.375352692,1.427874253,-5.479636362,0.009405995,-0.040007676,-0.049011512,-0.016693668,0.010817036,0.072081345,7.671503381
1044,17.417417417,-2.634160042,-0.040647339,0.028194316,-150.935679803,0.719799765,1.954691567,-178.518546096,150.927545719,-176.750440803,-2.653806762,0.134900901,0.004791322,-152.287582121,1.549102360,-5.437890990,0.007153357,-0.040060983,-0.047668412,-0.015099823,0.008663292,0.072428711,7.534347883
1045,17.434100767,-2.636192322,-0.039104566,0.029088724,-151.050935523,0.774076745,1.899521274,-178.401091156,151.041483971,-176.701395532,-2.652048772,0.135263528,0.007551908,-152.193583061,1.670266411,-5.426024227,0.005120256,-0.040379247,-0.046408500,-0.013391079,0.006761702,0.073237915,7.443953168
1046,17.450784117,-2.637782097,-0.037209716,0.029202407,-151.140916585,0.799754253,1.822156485,-178.343371799,151.130790192,-176.727000021,-2.650790065,0.134247536,0.009432663,-152.121710868,1.740486617,-5.366440645,0.003546603,-0.040086352,-0.045040710,-0.012111845,0.005235717,0.072897360,7.294371237
1047,17.467467467,-2.638994217,-0.034929484,0.028233876,-151.209362691,0.784982465,1.718118569,-178.370426008,151.199579237,-176.853791260,-2.650269317,0.131291239,0.010427213,-152.083649601,1.753046647,-5.236338221,0.002372846,-0.038961313,-0.043595843,-0.011476102,0.003990715,0.071000010,7.056526958
1048,17.484150817,-2.639474630,-0.032869585,0.026959408,-151.236119762,0.754886394,1.620514814,-178.431546772,151.227061985,-177.004602848,-2.650190918,0.128066914,0.010376724,-152.068186999,1.719064832,-5.105624002,0.001932599,-0.037672721,-0.042362831,-0.011260537,0.003441023,0.068710141,6.827840274
1049,17.500834168,-2.639067411,-0.030846318,0.026076199,-151.212030352,0.739793877,1.529190621,-178.464069032,151.203339747,-177.124744873,-2.649875661,0.125726614,0.009254096,-152.040393816,1.651007443,-5.021812392,0.002370908,-0.036685173,-0.041083424,-0.010834214,0.003809712,0.066859016,6.648612337
1050,17.517517518,-2.638104677,-0.027983919,0.024963070,-151.155888070,0.723859286,1.401648915,-178.499813297,151.147587035,-177.284319218,-2.649337967,0.122743106,0.007189250,-151.996409668,1.538796394,-4.921464206,0.003372647,-0.035391472,-0.039247244,-0.010150471,0.004728060,0.064387777,6.414131684
1051,17.534200868,-2.636806965,-0.025503991,0.023819968,-151.080808144,0.702651748,1.289521187,-178.547204673,151.073010515,-177.438875161,-2.649045852,0.119970575,0.004723591,-151.966871717,1.411610945,-4.833699897,0.004704797,-0.034150982,-0.037686834,-0.009720002,0.005971031,0.061985815,6.211290915
1052,17.550884218,-2.636239767,-0.023866203,0.022318738,-151.047947200,0.658433827,1.207373547,-178.640013020,151.041109255,-177.602629890,-2.649444272,0.116811673,0.003248964,-151.977720309,1.318879130,-4.719851970,0.005305943,-0.032795219,-0.036792192,-0.009979333,0.006446457,0.059470161,6.020076418
1053,17.567567568,-2.636460304,-0.023907870,0.021318119,-151.060695082,0.617318003,1.198409185,-178.724402185,151.054681218,-177.685294938,-2.650281363,0.115079641,0.003230735,-152.020477384,1.298523758,-4.649108288,0.005101625,-0.032087018,-0.037004252,-0.010749629,0.006151356,0.058217340,5.948933875
1054,17.584250918,-2.636909008,-0.023968177,0.021079212,-151.086448197,0.607149417,1.198083274,-178.744388407,151.080624626,-177.702837441,-2.650482321,0.114591076,0.003764863,-152.031398156,1.314798694,-4.623726443,0.004656521,-0.031920432,-0.037091893,-0.010937704,0.005685650,0.057962526,5.924645587
1055,17.600934268,-2.637371302,-0.023769975,0.021554481,-151.112824070,0.628800106,1.194717335,-178.698540946,151.106571010,-177.665783552,-2.649949204,0.115195236,0.004510106,-152.003864994,1.352554333,-4.641049020,0.004187556,-0.032214812,-0.036865926,-0.010435895,0.005262966,0.058539602,5.932367340
1056,17.617617618,-2.638298512,-0.023537865,0.022400009,-151.165800632,0.666084938,1.193549095,-178.619078979,151.158768767,-177.596765141,-2.649055906,0.116304675,0.005992601,-151.958465501,1.426332208,-4.671630673,0.003247687,-0.032758434,-0.036550099,-0.009602092,0.004406350,0.059617971,5.952796727
1057,17.634300968,-2.639249563,-0.022494715,0.022550102,-151.219992809,0.683506705,1.152026701,-178.580533163,151.212571736,-177.603875992,-2.648298498,0.115858620,0.007167106,-151.915740907,1.471618143,-4.641909860,0.002299284,-0.032659748,-0.035783875,-0.008841861,0.003486642,0.059535052,5.875569552
1058,17.650984318,-2.641079187,-0.021430431,0.022782268,-151.324547802,0.704777174,1.109948363,-178.531495602,151.316623500,-177.601689102,-2.647397252,0.115337551,0.009545513,-151.866562272,1.565464221,-4.596912276,0.000470767,-0.032600684,-0.034991148,-0.007950434,0.001697845,0.059620747,5.786138931
1059,17.667667668,-2.642528296,-0.020767229,0.023554990,-151.407398824,0.743669261,1.090049396,-178.446380735,151.398545571,-177.545841610,-2.646282589,0.116025132,0.011642573,-151.808416221,1.660667730,-4.603973731,-0.000988374,-0.033004856,-0.034384745,-0.006889760,0.000325421,0.060518253,5.772950615
1060,17.684351018,-2.643617630,-0.019619118,0.024566622,-151.469583334,0.797128680,1.053077613,-178.331422450,151.459385401,-177.481018038,-2.644726074,0.116998731,0.013260754,-151.725161304,1.740567822,-4.627615633,-0.002090314,-0.033496709,-0.033389607,-0.005393477,-0.000659899,0.061544573,5.758523162
1061,17.701034368,-2.644790411,-0.018936150,0.025312332,-151.536681184,0.834917369,1.032198763,-178.248587225,151.525462364,-177.428149493,-2.643634232,0.117714671,0.014972480,-151.667930815,1.820451642,-4.639584991,-0.003273391,-0.033882271,-0.032773915,-0.004354012,-0.001754882,0.062392816,5.755200260
1062,17.717717718,-2.647077322,-0.018491220,0.026051313,-151.667676253,0.870259859,1.020135722,-178.166756165,151.655420977,-177.366287204,-2.642580125,0.118291413,0.018212736,-151.615219960,1.961023839,-4.630125757,-0.005571488,-0.034286492,-0.032333413,-0.003370892,-0.003960814,0.063418606,5.756009973
1063,17.734401068,-2.650403500,-0.018140428,0.026703989,-151.858248461,0.901351802,1.010219757,-178.089508450,151.844996777,-177.305209969,-2.641550017,0.118554582,0.022836837,-151.565567267,2.154664240,-4.593536033,-0.008907730,-0.034627779,-0.031980185,-0.002425702,-0.007207517,0.064472398,5.757141680
1064,17.751084418,-2.653830051,-0.017081507,0.027553599,-152.054554664,0.947559700,0.973343082,-177.978679086,152.039788454,-177.241115113,-2.639942771,0.118852168,0.027555901,-151.483455329,2.354221823,-4.557178328,-0.012345828,-0.034978105,-0.031090548,-0.000913578,-0.010523565,0.065584832,5.750800520
1065,17.767767768,-2.656131506,-0.015040798,0.028095998,-152.186423909,0.990713207,0.894194365,-177.877482461,152.170192435,-177.228595131,-2.638166466,0.118422800,0.030529198,-151.386080445,2.475867754,-4.508866319,-0.014651359,-0.034952775,-0.029557418,0.000822703,-0.012735584,0.065869984,5.683199395
1066,17.784451118,-2.657020569,-0.014019683,0.028769517,-152.237463563,1.028518828,0.858815306,-177.792824246,152.219932263,-177.188191206,-2.636947424,0.118985711,0.031786519,-151.320698497,2.536325142,-4.518685138,-0.015550410,-0.035229362,-0.028716981,0.001994522,-0.013541709,0.066533106,5.686457992
1067,17.801134468,-2.657341480,-0.012873624,0.028692938,-152.255904859,1.036963188,0.811232384,-177.773356878,152.238070683,-177.218216690,-2.636372210,0.118269257,0.032035069,-151.285828257,2.540714895,-4.486786284,-0.015867680,-0.034962440,-0.027921016,0.002592408,-0.013855951,0.066085673,5.620485945
1068,17.817817818,-2.657646179,-0.011945449,0.027700813,-152.273300438,1.005994605,0.763338349,-177.838558252,152.256502892,-177.323501584,-2.636718247,0.116016084,0.032013453,-151.297958467,2.515614201,-4.395094615,-0.016152705,-0.034087220,-0.027444738,0.002334044,-0.014246642,0.064470593,5.490595210
1069,17.834501168,-2.657985449,-0.011397316,0.026005931,-152.292563077,0.942651365,0.723839824,-177.973267931,152.277801686,-177.481907748,-2.637880414,0.112665453,0.031867767,-151.353077803,2.471924632,-4.260046070,-0.016460867,-0.032782829,-0.027364688,0.001302024,-0.014738661,0.062030627,5.323284257
1070,17.851184518,-2.658046722,-0.011541435,0.024341136,-152.295877146,0.873558133,0.712974104,-178.121527262,152.283198113,-177.623965363,-2.639409969,0.109735010,0.031442255,-151.430355385,2.420330568,-4.145131305,-0.016493403,-0.031629637,-0.027767751,-0.000110458,-0.014950402,0.059829634,5.194477637
1071,17.867867868,-2.657966614,-0.011763624,0.022889733,-152.291143335,0.812335256,0.707506064,-178.253387360,152.280181090,-177.746231553,-2.640804664,0.107252590,0.030896378,-151.501360251,2.368967017,-4.049728430,-0.016389091,-0.030643925,-0.028186793,-0.001404530,-0.014996630,0.057930092,5.087724963
1072,17.884551218,-2.657593966,-0.011526389,0.021153413,-152.269658416,0.744092022,0.680664527,-178.401196306,152.260468729,-177.904198410,-2.642222226,0.104123393,0.029791577,-151.570952774,2.288346107,-3.933702380,-0.015987686,-0.029378284,-0.028330600,-0.002690539,-0.014763146,0.055470798,4.932984195
1073,17.901234568,-2.656423807,-0.010244431,0.017657427,-152.202391428,0.614701811,0.594028322,-178.682068520,152.196137359,-178.240151272,-2.644654999,0.097586213,0.026860324,-151.686254899,2.096433416,-3.697587848,-0.014761691,-0.026690433,-0.028048536,-0.004848833,-0.013839849,0.050238511,4.580778837
1074,17.917917918,-2.654373884,-0.007075089,0.012077375,-152.084662267,0.419557764,0.409715567,-179.103884701,152.081763032,-178.798447884,-2.647871458,0.086779909,0.021700428,-151.834096457,1.769545829,-3.310265553,-0.012631376,-0.022196377,-0.026801202,-0.007642284,-0.012101851,0.041563145,3.969692281
1075,17.934601268,-2.650994539,-0.003429994,0.005279274,-151.890847517,0.179815596,0.193279499,-179.618354104,151.890319278,-179.470089675,-2.651807660,0.074129876,0.014136820,-152.021262853,1.326449203,-2.872038856,-0.009171034,-0.016765369,-0.025427870,-0.011118681,-0.008988089,0.031144372,3.273702151
1076,17.951284618,-2.647550344,-0.000642952,-0.000871659,-151.693477529,-0.042069520,0.017219609,179.911281063,151.693448853,179.939109390,-2.655506871,0.063228297,0.006732855,-152.205162811,0.909868665,-2.502808205,-0.005668290,-0.011940269,-0.024543577,-0.014465582,-0.005677952,0.022014963,2.738398044
1077,17.967967968,-2.645592213,0.001806114,-0.004705825,-151.581309587,-0.172932026,-0.122018821,179.636633353,151.580827304,179.558403106,-2.657345378,0.056147063,0.002225354,-152.295638568,0.653257758,-2.259757264,-0.003682706,-0.008797128,-0.023487336,-0.016107549,-0.003749608,0.016156915,2.397880764
1078,17.984651318,-2.645176649,0.004504115,-0.005773144,-151.557534531,-0.188538021,-0.242904198,179.604146156,151.556961845,179.409023801,-2.656739330,0.053237782,0.000882053,-152.255888711,0.570324971,-2.155119222,-0.003267396,-0.007554769,-0.021762114,-0.015432437,-0.003330895,0.013864837,2.170514597
1079,18.001334668,-2.645853043,0.006844746,-0.004175216,-151.596504363,-0.099437840,-0.321609311,179.790956226,151.596344800,179.494511790,-2.654144969,0.054713780,0.002164464,-152.110273980,0.640493873,-2.202869112,-0.003966083,-0.008257896,-0.019815289,-0.012879603,-0.003997364,0.015182901,2.083600924
1080,18.018018018,-2.646367550,0.009531579,-0.001528973,-151.626645542,0.035837990,-0.403669891,-179.924585780,151.626624790,179.662684789,-2.650497718,0.057915948,0.003619956,-151.907171648,0.736805436,-2.319195681,-0.004516574,-0.009644000,-0.017432202,-0.009311622,-0.004485113,0.017774920,2.057179845
1081,18.034701368,-2.646719456,0.011931319,0.001501735,-151.647892782,0.183776321,-0.470150365,-179.613016409,151.647346603,179.870412348,-2.646685206,0.061978587,0.005028713,-151.696373665,0.840829615,-2.470936484,-0.004910997,-0.011356483,-0.015182527,-0.005600227,-0.004786006,0.020976509,2.106047429
1082,18.051384718,-2.646736860,0.012659548,0.004155213,-151.649662301,0.299247413,-0.472512723,-179.369841482,151.648214055,-179.917937625,-2.644096784,0.066249965,0.006015091,-151.556246048,0.928653627,-2.635215158,-0.004960662,-0.013107792,-0.014185102,-0.003118300,-0.004737088,0.024233259,2.255314192
1083,18.068068068,-2.646418810,0.011865632,0.006218339,-151.631594134,0.375148568,-0.418968242,-179.210483413,151.629319800,-179.724269106,-2.642832372,0.070282522,0.006485568,-151.491560571,0.991328990,-2.794839016,-0.004660981,-0.014720072,-0.014372208,-0.001954196,-0.004351660,0.027205569,2.460066436
1084,18.084751418,-2.646284819,0.010042266,0.007995432,-151.623636399,0.428756793,-0.326457687,-179.097908075,151.620666648,-179.532764287,-2.642359280,0.074224895,0.007202019,-151.472742225,1.061917154,-2.948106264,-0.004537683,-0.016313745,-0.015343581,-0.001586896,-0.004149285,0.030144460,2.703131543
1085,18.101434768,-2.645985365,0.008950335,0.009222797,-151.606359871,0.467551178,-0.269335366,-179.016846375,151.602830973,-179.404463382,-2.641946458,0.076930786,0.007394879,-151.454722267,1.098392372,-3.056420509,-0.004247647,-0.017386870,-0.015893963,-0.001246040,-0.003798835,0.032109509,2.863610551
1086,18.118118118,-2.645579338,0.008826154,0.009628508,-151.583141341,0.482887795,-0.260032082,-178.985362510,151.579380796,-179.367660260,-2.641691778,0.077804952,0.007019142,-151.441504106,1.092575694,-3.095974734,-0.003846125,-0.017702790,-0.015905277,-0.001009951,-0.003375542,0.032667465,2.906082512
1087,18.134801468,-2.645119429,0.009305315,0.008997112,-151.556820900,0.462244751,-0.285970279,-179.029554484,151.553378762,-179.432676609,-2.641969699,0.076627444,0.006113582,-151.454018667,1.043071575,-3.057312571,-0.003380802,-0.017173684,-0.015675624,-0.001246354,-0.002943386,0.031661277,2.834728063
1088,18.151484818,-2.644212246,0.010168117,0.007714343,-151.504870842,0.419175985,-0.334212313,-179.121432354,151.502046338,-179.562083283,-2.642587681,0.074285132,0.004320683,-151.482867789,0.944869049,-2.980285392,-0.002462616,-0.016118063,-0.015287736,-0.001783864,-0.002089264,0.029660367,2.698124704
1089,18.168168168,-2.642699242,0.010977492,0.006588744,-151.418231071,0.382149913,-0.378654035,-179.201252371,151.415891933,-179.677250788,-2.643113868,0.072427390,0.001783754,-151.506897456,0.821588616,-2.930678639,-0.000940935,-0.015190941,-0.014903982,-0.002236610,-0.000619711,0.027870986,2.590175777
1090,18.184851518,-2.640577316,0.011760688,0.005386218,-151.296682708,0.341938352,-0.422880567,-179.288063454,151.294819345,-179.798431659,-2.643719840,0.070648473,-0.001590944,-151.535126705,0.664940406,-2.892858529,0.001190036,-0.014220692,-0.014547264,-0.002766339,0.001459517,0.025984640,2.500320410
1091,18.201534868,-2.638645172,0.012802422,0.003968807,-151.186064789,0.295670086,-0.480027874,-179.386552314,151.184677929,-179.942533848,-2.644337701,0.068351120,-0.004827906,-151.563662679,0.508607498,-2.832445407,0.003131345,-0.013047281,-0.014046927,-0.003301405,0.003346401,0.023755502,2.389413195
1092,18.218218218,-2.637600422,0.014195897,0.003156413,-151.126569282,0.277512775,-0.545297319,-179.425307053,151.125350523,179.957952742,-2.644244533,0.066664666,-0.006694789,-151.554009961,0.415433673,-2.783083960,0.004175692,-0.012228800,-0.013193877,-0.003154553,0.004365357,0.022221556,2.279873405
1093,18.234901568,-2.637589931,0.015497456,0.003472744,-151.126587966,0.304054924,-0.595011973,-179.370344579,151.125124932,179.956367576,-2.643273210,0.066614280,-0.006738566,-151.498273891,0.414585327,-2.781962322,0.004173839,-0.012217548,-0.012210335,-0.002182052,0.004379806,0.022195153,2.218762177
1094,18.251584918,-2.638270140,0.016936652,0.004916468,-151.166608667,0.377688172,-0.638530959,-179.216881433,151.164347520,-179.952503881,-2.641304542,0.068202714,-0.005447016,-151.389200140,0.486550649,-2.834210517,0.003467393,-0.012975033,-0.010930764,-0.000260793,0.003735238,0.023593026,2.207946378
1095,18.268268268,-2.638835192,0.018025432,0.007014787,-151.200175215,0.474319126,-0.660958834,-179.015501194,151.196604166,-179.798244356,-2.638995463,0.071105676,-0.004027426,-151.263152251,0.578099756,-2.938740963,0.002869927,-0.014262826,-0.009780931,0.001966643,0.003235202,0.025956210,2.280436619
1096,18.284951618,-2.638873100,0.019635972,0.009125995,-151.204000321,0.577144006,-0.704500041,-178.801975486,151.198712478,-179.654640616,-2.636395922,0.073953877,-0.003378618,-151.119985674,0.638494382,-3.049165293,0.002793325,-0.015471314,-0.008252689,0.004489196,0.003270788,0.028148727,2.347861861
1097,18.301634968,-2.638516665,0.021259759,0.009588409,-151.184793236,0.613147876,-0.765779868,-178.728033080,151.178829880,-179.651330703,-2.635138062,0.074103549,-0.003868216,-151.047768279,0.622234695,-3.060970726,0.003129912,-0.015509774,-0.007010165,0.005746983,0.003636468,0.028190582,2.300768977
1098,18.318318318,-2.638264656,0.022494834,0.008078112,-151.170598741,0.564683638,-0.831885275,-178.829076202,151.165543722,-179.806103135,-2.635690394,0.071050613,-0.004897679,-151.073021210,0.547406295,-2.947112275,0.003389369,-0.014214364,-0.006403132,0.005279085,0.003818134,0.025821016,2.118492408
1099,18.335001668,-2.637910843,0.022814838,0.004667999,-151.149269286,0.429302713,-0.880628727,-179.110362477,151.146350023,179.898579504,-2.638276270,0.065225653,-0.006687348,-151.210002218,0.409675107,-2.727301540,0.003779742,-0.011734796,-0.006790768,0.002844473,0.004052477,0.021306197,1.847330943
1100,18.351685018,-2.637515783,0.022794085,0.000474581,-151.125218343,0.258449232,-0.923766447,-179.464806233,151.124161333,179.544888919,-2.641662548,0.058254359,-0.008844568,-151.392201097,0.244727360,-2.464183588,0.004218687,-0.008759823,-0.007562692,-0.000375965,0.004345962,0.015902599,1.562285822
1101,18.368368368,-2.637431383,0.022903489,-0.003806011,-151.119193757,0.085233860,-0.973141180,-179.823528818,151.119078822,179.181381584,-2.645024300,0.050989259,-0.010703071,-151.574553862,0.090023444,-2.185955941,0.004341081,-0.005695337,-0.008261161,-0.003585202,0.004373653,0.010353634,1.294835272
1102,18.385051718,-2.637726068,0.023207845,-0.007888416,-151.135202021,-0.078053134,-1.028287360,179.838314079,151.135105572,178.830114414,-2.648106126,0.043843380,-0.012064542,-151.742977757,-0.041860623,-1.907599102,0.004075486,-0.002732661,-0.008788788,-0.006537007,0.004068364,0.004991946,1.070047469
1103,18.401735068,-2.638149261,0.023294814,-0.011047454,-151.158801854,-0.206052781,-1.064799644,179.572850673,151.158129047,178.561035416,-2.650568500,0.038304729,-0.012887802,-151.878926337,-0.134018703,-1.689471390,0.003672673,-0.000465599,-0.009304635,-0.008911298,0.003668305,0.000882711,0.957417194
1104,18.418418418,-2.638335228,0.023636855,-0.012925822,-151.169238781,-0.279086046,-1.098335854,179.421267470,151.168003991,178.394668729,-2.651868115,0.034901127,-0.013514073,-151.950648867,-0.195084161,-1.556776974,0.003494569,0.000934351,-0.009404149,-0.010161033,0.003506401,-0.001659316,0.911475476
1105,18.435101768,-2.638335228,0.023969751,-0.013848205,-151.169208312,-0.313179020,-1.121556916,179.350574894,151.167653424,178.309518578,-2.652411882,0.033189571,-0.013964611,-151.980521021,-0.231155060,-1.491482055,0.003496407,0.001650947,-0.009334793,-0.010680427,0.003520289,-0.002960281,0.897022704
1106,18.451785118,-2.638087749,0.024861924,-0.014180812,-151.155347380,-0.317266317,-1.161496442,179.342388787,151.153752556,178.262484477,-2.652173412,0.032318848,-0.014537511,-151.966147149,-0.263123528,-1.462007169,0.003736824,0.002047531,-0.008758080,-0.010428229,0.003766889,-0.003678333,0.867813906
1107,18.468468468,-2.637403488,0.026252925,-0.014587746,-151.116689121,-0.318913925,-1.222746444,179.339782523,151.115080259,178.199166645,-2.651704692,0.031265630,-0.015771018,-151.938340252,-0.323677101,-1.431946636,0.004408910,0.002584096,-0.007835444,-0.009940771,0.004447022,-0.004642792,0.849014150
1108,18.485151818,-2.636621475,0.027788861,-0.015471810,-151.072433482,-0.338385898,-1.294985837,179.300453704,151.070625466,178.092752484,-2.651524096,0.029382631,-0.017363216,-151.926614043,-0.407455776,-1.371652032,0.005178845,0.003485956,-0.006894987,-0.009731152,0.005233609,-0.006263746,0.860886200
1109,18.501835169,-2.635920286,0.028798597,-0.016863942,-151.032459046,-0.384098886,-1.351132746,179.206960635,151.030133395,177.955046894,-2.652030027,0.026857491,-0.019025695,-151.954134428,-0.500998818,-1.285572400,0.005875211,0.004654800,-0.006421823,-0.010202750,0.005958940,-0.008359792,0.930868112
1110,18.518518519,-2.635505438,0.029080691,-0.018130314,-151.008562238,-0.432496862,-1.376192038,179.107718326,151.005616514,177.843343600,-2.652846242,0.024767109,-0.020182346,-151.999941340,-0.569642086,-1.211830727,0.006292163,0.005604383,-0.006446657,-0.010993382,0.006406503,-0.010058712,1.012820249
1111,18.535201869,-2.635190487,0.028901635,-0.018762760,-150.990303172,-0.459976435,-1.375740615,179.051578384,150.986973755,177.794837888,-2.653426897,0.023912799,-0.020868695,-152.032851194,-0.606467163,-1.183702083,0.006611575,0.006019762,-0.006685657,-0.011563389,0.006742556,-0.010793830,1.068417823
1112,18.551885219,-2.635230780,0.028331649,-0.019886766,-150.992136348,-0.511814362,-1.364341157,178.944650864,150.988013961,177.712712194,-2.654618968,0.022269694,-0.021280104,-152.100637075,-0.640304737,-1.120340451,0.006581749,0.006716644,-0.007296008,-0.012738647,0.006745407,-0.012043520,1.139903019
1113,18.568568569,-2.635489941,0.027970808,-0.020723142,-151.006682774,-0.549843667,-1.358295949,178.865731201,151.001922221,177.649601301,-2.655479021,0.020924644,-0.021296576,-152.149577074,-0.654870439,-1.065311433,0.006329390,0.007248289,-0.007707482,-0.013586568,0.006520043,-0.013007043,1.181538905
1114,18.585251919,-2.635844707,0.028388128,-0.020760788,-151.027181899,-0.547178224,-1.375479308,178.870499516,151.022463405,177.636392654,-2.655289250,0.020527795,-0.020895640,-152.138634675,-0.642501880,-1.045248948,0.005970180,0.007353392,-0.007420968,-0.013394612,0.006162910,-0.013213957,1.160104006
1115,18.601935269,-2.636656284,0.028729625,-0.020371737,-151.073898931,-0.528184755,-1.384802506,178.908091063,151.069493829,177.659523981,-2.654827518,0.020695854,-0.019688320,-152.112295947,-0.591554234,-1.040163374,0.005153622,0.007144199,-0.007115754,-0.012938383,0.005334616,-0.012872548,1.092731887
1116,18.618618619,-2.637060642,0.029872164,-0.020000955,-151.097667912,-0.501312637,-1.427211004,178.962855397,151.093695718,177.664837672,-2.653917398,0.020639776,-0.019106564,-152.060178608,-0.568128973,-1.032506513,0.004735063,0.007090753,-0.006239748,-0.012029956,0.004905395,-0.012798906,1.039032309
1117,18.635301969,-2.637407303,0.030585289,-0.019755246,-151.117930783,-0.484027302,-1.453474665,178.997968802,151.114224676,177.669141493,-2.653341519,0.020591424,-0.018613267,-152.027209684,-0.548344386,-1.025857440,0.004379275,0.007047903,-0.005691503,-0.011455570,0.004542658,-0.012738771,1.003380048
1118,18.651985319,-2.637649775,0.031391863,-0.020074008,-151.132166791,-0.488708302,-1.489529668,178.987823907,151.128386439,177.624082328,-2.653149981,0.019591687,-0.018531527,-152.015991379,-0.555076311,-0.984479242,0.004128341,0.007422910,-0.005178218,-0.011255900,0.004302378,-0.013430744,1.016114974
1119,18.668668669,-2.637638569,0.032149974,-0.021128802,-151.131690798,-0.523731470,-1.531483657,178.915315728,151.127349322,177.518637167,-2.653549188,0.017475493,-0.019125264,-152.038394064,-0.600779628,-0.904234031,0.004133766,0.008311001,-0.004830294,-0.011635932,0.004343436,-0.015041193,1.100144986
1120,18.685352019,-2.637594223,0.032640811,-0.022807373,-151.129048811,-0.586948861,-1.569114992,178.784518254,151.123596699,177.366494787,-2.654579084,0.014443064,-0.020037840,-152.096992814,-0.668816818,-0.789620258,0.004176790,0.009594136,-0.004785391,-0.012640724,0.004449608,-0.017363142,1.238821574
1121,18.702035369,-2.637478590,0.031893454,-0.024490291,-151.121729993,-0.663278334,-1.556405502,178.626813295,151.114769928,177.241193497,-2.656296355,0.011993877,-0.020926464,-152.195295835,-0.729965720,-0.698089858,0.004305468,0.010655043,-0.005621345,-0.014339466,0.004649539,-0.019271575,1.367943176
1122,18.718718719,-2.637264967,0.030392470,-0.025554556,-151.108645947,-0.722255491,-1.506581841,178.505372035,151.100397748,177.184850062,-2.657948070,0.010970355,-0.021568106,-152.289984735,-0.766572274,-0.662031318,0.004538990,0.011138349,-0.006880145,-0.015983211,0.004931569,-0.020124154,1.443897872
1123,18.735402069,-2.636921167,0.029209835,-0.026215347,-151.088382927,-0.761399406,-1.465595014,178.425407033,151.079224251,177.156099582,-2.659102623,0.010540398,-0.022215522,-152.356209439,-0.797335659,-0.650396797,0.004897448,0.011391671,-0.007837981,-0.017133475,0.005320910,-0.020553582,1.498359119
1124,18.752085419,-2.636799097,0.028764322,-0.026806369,-151.081152180,-0.790094526,-1.453745685,178.366462061,151.071293223,177.116454880,-2.659801837,0.009800910,-0.022619097,-152.396352874,-0.821200004,-0.623985216,0.005025366,0.011730606,-0.008261052,-0.017827597,0.005478213,-0.021154576,1.545478426
1125,18.768768769,-2.636648417,0.029546406,-0.027991461,-151.072670053,-0.830089181,-1.498182275,178.284268666,151.061791709,177.000204015,-2.660270725,0.007523954,-0.023487312,-152.423553051,-0.879224256,-0.539865127,0.005168516,0.012715197,-0.007918226,-0.018283126,0.005684886,-0.022925346,1.645298875
1126,18.785452119,-2.636585474,0.030465597,-0.029009892,-151.069289586,-0.861897360,-1.546389910,178.218745464,151.057563381,176.894705351,-2.660536954,0.005428065,-0.024176428,-152.439262704,-0.928117003,-0.461425919,0.005221604,0.013606631,-0.007448459,-0.018538925,0.005796019,-0.024534077,1.735473144
1127,18.802135469,-2.636501551,0.031142667,-0.030058736,-151.064617614,-0.897475238,-1.585073494,178.145529791,151.051906013,176.792023742,-2.660958956,0.003400821,-0.024885762,-152.464039123,-0.977111343,-0.385880992,0.005297999,0.014475640,-0.007156275,-0.018952183,0.005935003,-0.026098574,1.829702021
1128,18.818818819,-2.637223482,0.031366438,-0.030663645,-151.105999167,-0.920184608,-1.599930173,178.096145106,151.092613466,176.733287712,-2.661339861,0.001959579,-0.024281716,-152.486111743,-0.966887236,-0.321100523,0.004573605,0.014950438,-0.007114462,-0.019329864,0.005250458,-0.027011059,1.866572122
1129,18.835502169,-2.638227940,0.031273454,-0.030771310,-151.163504940,-0.926115968,-1.596405823,178.080390821,151.149913946,176.722090424,-2.661533162,0.001366117,-0.023026736,-152.497062938,-0.921792392,-0.284408554,0.003570395,0.015015205,-0.007210660,-0.019524390,0.004257199,-0.027205361,1.855593754
1130,18.852185519,-2.639310122,0.030976603,-0.030589227,-151.225420085,-0.922411218,-1.581478451,178.084307245,151.211903047,176.739450418,-2.661621178,0.001316913,-0.021501691,-152.501782326,-0.860325506,-0.267207304,0.002491863,0.014837257,-0.007400004,-0.019616407,0.003170402,-0.026965441,1.818790770
1131,18.868868869,-2.640006304,0.030819669,-0.029997632,-151.265313522,-0.900340482,-1.568316992,178.127746647,151.252414183,176.790055319,-2.661290819,0.002073400,-0.020281334,-152.482424802,-0.803254992,-0.285966603,0.001797482,0.014391642,-0.007411470,-0.019291973,0.002441080,-0.026208369,1.757481265
1132,18.885552219,-2.640476942,0.030580655,-0.029605329,-151.292233269,-0.887114779,-1.554097210,178.153653381,151.279696074,176.826571829,-2.661146301,0.002633550,-0.019446407,-152.473874606,-0.763772706,-0.300484366,0.001329565,0.014071785,-0.007515095,-0.019152003,0.001950409,-0.025660680,1.714729539
1133,18.902235569,-2.640832424,0.030334698,-0.029327186,-151.312540557,-0.878543877,-1.540888118,178.170299150,151.300234050,176.854067406,-2.661087030,0.003056204,-0.018818170,-152.470294012,-0.734047934,-0.311430410,0.000976869,0.013831286,-0.007643151,-0.019096363,0.001581817,-0.025248009,1.683070075
1134,18.918918919,-2.640750170,0.029807100,-0.029643133,-151.307606879,-0.896859044,-1.522762495,178.132469282,151.294784648,176.839087931,-2.661622228,0.002794134,-0.019029963,-152.501043148,-0.745239777,-0.302650800,0.001065388,0.013959714,-0.008074651,-0.019629925,0.001688859,-0.025474708,1.701224376
